id,is_a2u_enabled,is_bot_enabled,a2u_alt_title,a2u_alt_body,a2u_alt_image_id,a2u_alt_payload,element_ids,parent_message_id,countries,languages
solitaire-tripeaks:daily:en:t1,TRUE,TRUE,,Come back and play today.,,,,,,"[""en""]"
solitaire-tripeaks:daily:en:t2,TRUE,TRUE,,Your cards are waiting.,,,,,,"[""en""]"
solitaire-tripeaks:daily:en:t3,TRUE,TRUE,,Today's map is ready for you.,,,,,,"[""en""]"
solitaire-tripeaks:daily:en:t4,TRUE,TRUE,,Check your daily streak.,,,,,,"[""en""]"
solitaire-tripeaks:daily:en:t5,TRUE,TRUE,,We missed you yesterday.,,,,,,"[""en""]"
solitaire-tripeaks:daily:en:t6,TRUE,TRUE,,Time for some card fun.,,,,,,"[""en""]"
solitaire-tripeaks:daily:en:t7,TRUE,TRUE,,Your daily rewards await.,,,,,,"[""en""]"
solitaire-tripeaks:daily:en:t8,TRUE,TRUE,,Let's clear some cards.,,,,,,"[""en""]"
solitaire-tripeaks:daily:en:t9,TRUE,TRUE,,Today's map is ready.,,,,,,"[""en""]"
solitaire-tripeaks:daily:en:t10,TRUE,TRUE,,Don't miss today's bonus.,,,,,,"[""en""]"
solitaire-tripeaks:daily:en:t11,TRUE,TRUE,,Your turn to shine.,,,,,,"[""en""]"
solitaire-tripeaks:daily:en:t12,TRUE,TRUE,,"New map, new fun.",,,,,,"[""en""]"
solitaire-tripeaks:daily:en:t13,TRUE,TRUE,,Daily challenge unlocked.,,,,,,"[""en""]"
solitaire-tripeaks:daily:en:t14,TRUE,TRUE,,Come play with us.,,,,,,"[""en""]"
solitaire-tripeaks:daily:en:t15,TRUE,TRUE,,Today's level awaits you.,,,,,,"[""en""]"
solitaire-tripeaks:daily:en:t16,TRUE,TRUE,,Card party starts now.,,,,,,"[""en""]"
solitaire-tripeaks:daily:en:t17,TRUE,TRUE,,Your daily dose of fun.,,,,,,"[""en""]"
solitaire-tripeaks:daily:en:t18,TRUE,TRUE,,Time to level up.,,,,,,"[""en""]"
solitaire-tripeaks:daily:en:t19,TRUE,TRUE,,"New day, new cards.",,,,,,"[""en""]"
solitaire-tripeaks:daily:en:t20,TRUE,TRUE,,Let's make today epic.,,,,,,"[""en""]"
solitaire-tripeaks:new-map:en:t1,TRUE,TRUE,,A new map is waiting.,,,,,,"[""en""]"
solitaire-tripeaks:new-map:en:t2,TRUE,TRUE,,Fresh cards have been dealt.,,,,,,"[""en""]"
solitaire-tripeaks:new-map:en:t3,TRUE,TRUE,,New map unlocked - play now.,,,,,,"[""en""]"
solitaire-tripeaks:new-map:en:t4,TRUE,TRUE,,Explore the new map today.,,,,,,"[""en""]"
solitaire-tripeaks:new-map:en:t5,TRUE,TRUE,,A new adventure awaits.,,,,,,"[""en""]"
solitaire-tripeaks:new-map:en:t6,TRUE,TRUE,,New map alert.,,,,,,"[""en""]"
solitaire-tripeaks:new-map:en:t7,TRUE,TRUE,,Your next map is ready.,,,,,,"[""en""]"
solitaire-tripeaks:new-map:en:t8,TRUE,TRUE,,Something new to discover.,,,,,,"[""en""]"
solitaire-tripeaks:new-map:en:t9,TRUE,TRUE,,New level just dropped.,,,,,,"[""en""]"
solitaire-tripeaks:new-map:en:t10,TRUE,TRUE,,A new challenge awaits.,,,,,,"[""en""]"
solitaire-tripeaks:new-map:en:t11,TRUE,TRUE,,A brand new map is here.,,,,,,"[""en""]"
solitaire-tripeaks:new-map:en:t12,TRUE,TRUE,,"New cards, new adventure.",,,,,,"[""en""]"
solitaire-tripeaks:new-map:en:t13,TRUE,TRUE,,Fresh map just unlocked.,,,,,,"[""en""]"
solitaire-tripeaks:new-map:en:t14,TRUE,TRUE,,Your next journey begins.,,,,,,"[""en""]"
solitaire-tripeaks:new-map:en:t15,TRUE,TRUE,,New map available now.,,,,,,"[""en""]"
solitaire-tripeaks:new-map:en:t16,TRUE,TRUE,,A new map awaits you.,,,,,,"[""en""]"
solitaire-tripeaks:new-map:en:t17,TRUE,TRUE,,Level up with this new map.,,,,,,"[""en""]"
solitaire-tripeaks:new-map:en:t18,TRUE,TRUE,,New destination unlocked.,,,,,,"[""en""]"
solitaire-tripeaks:new-map:en:t19,TRUE,TRUE,,"New map, new possibilities.",,,,,,"[""en""]"
solitaire-tripeaks:new-map:en:t20,TRUE,TRUE,,Start your new map now.,,,,,,"[""en""]"
solitaire-tripeaks:idle-gold:en:t1,TRUE,TRUE,,Your gold is ready. Come collect.,,,,,,"[""en""]"
solitaire-tripeaks:idle-gold:en:t2,TRUE,TRUE,,Idle gold waiting - hop back in.,,,,,,"[""en""]"
solitaire-tripeaks:idle-gold:en:t3,TRUE,TRUE,,Your gold stash is full. Grab it.,,,,,,"[""en""]"
solitaire-tripeaks:idle-gold:en:t4,TRUE,TRUE,,Time to play. Your gold is ready.,,,,,,"[""en""]"
solitaire-tripeaks:idle-gold:en:t5,TRUE,TRUE,,Come back. Gold is piling up.,,,,,,"[""en""]"
solitaire-tripeaks:idle-gold:en:t6,TRUE,TRUE,,Your gold is overflowing. Get it now.,,,,,,"[""en""]"
solitaire-tripeaks:idle-gold:en:t7,TRUE,TRUE,,Gold alert. Come collect your stash.,,,,,,"[""en""]"
solitaire-tripeaks:idle-gold:en:t8,TRUE,TRUE,,Hop back and collect your gold.,,,,,,"[""en""]"
solitaire-tripeaks:idle-gold:en:t9,TRUE,TRUE,,Your reward is ready. Come back and play.,,,,,,"[""en""]"
solitaire-tripeaks:idle-gold:en:t10,TRUE,TRUE,,Gold unlocked. Come see how much.,,,,,,"[""en""]"
solitaire-tripeaks:idle-gold:en:t11,TRUE,TRUE,,Come back for your golden reward.,,,,,,"[""en""]"
solitaire-tripeaks:idle-gold:en:t12,TRUE,TRUE,,Your gold won't wait. Hop in.,,,,,,"[""en""]"
solitaire-tripeaks:idle-gold:en:t13,TRUE,TRUE,,Something golden is waiting. Come play.,,,,,,"[""en""]"
solitaire-tripeaks:idle-gold:en:t14,TRUE,TRUE,,Grab your gold before it stops.,,,,,,"[""en""]"
solitaire-tripeaks:idle-gold:en:t15,TRUE,TRUE,,Gold ready. Come back now.,,,,,,"[""en""]"
solitaire-tripeaks:idle-gold:en:t16,TRUE,TRUE,,Your gold stash is bursting. Come play.,,,,,,"[""en""]"
solitaire-tripeaks:idle-gold:en:t17,TRUE,TRUE,,Hop in. Your gold needs collecting.,,,,,,"[""en""]"
solitaire-tripeaks:idle-gold:en:t18,TRUE,TRUE,,Come back. Your gold is waiting.,,,,,,"[""en""]"
solitaire-tripeaks:idle-gold:en:t19,TRUE,TRUE,,Gold time. Jump back in.,,,,,,"[""en""]"
solitaire-tripeaks:idle-gold:en:t20,TRUE,TRUE,,Your golden reward is here. Come play.,,,,,,"[""en""]"
solitaire-tripeaks:friend-joined:en:t1,TRUE,TRUE,,Your friend just joined.,,,,,,"[""en""]"
solitaire-tripeaks:friend-joined:en:t2,TRUE,TRUE,,Time to play together.,,,,,,"[""en""]"
solitaire-tripeaks:friend-joined:en:t3,TRUE,TRUE,,Challenge your friend now.,,,,,,"[""en""]"
solitaire-tripeaks:friend-joined:en:t4,TRUE,TRUE,,Your buddy is at the table.,,,,,,"[""en""]"
solitaire-tripeaks:friend-joined:en:t5,TRUE,TRUE,,Double the fun awaits.,,,,,,"[""en""]"
solitaire-tripeaks:friend-joined:en:t6,TRUE,TRUE,,Friend mode unlocked.,,,,,,"[""en""]"
solitaire-tripeaks:friend-joined:en:t7,TRUE,TRUE,,Let's play as a team.,,,,,,"[""en""]"
solitaire-tripeaks:friend-joined:en:t8,TRUE,TRUE,,Your friend wants to play.,,,,,,"[""en""]"
solitaire-tripeaks:friend-joined:en:t9,TRUE,TRUE,,Friendship level activated.,,,,,,"[""en""]"
solitaire-tripeaks:friend-joined:en:t10,TRUE,TRUE,,"Two players, double fun.",,,,,,"[""en""]"
solitaire-tripeaks:friend-joined:en:t11,TRUE,TRUE,,Challenge accepted by friend.,,,,,,"[""en""]"
solitaire-tripeaks:friend-joined:en:t12,TRUE,TRUE,,Your gaming buddy arrived.,,,,,,"[""en""]"
solitaire-tripeaks:friend-joined:en:t13,TRUE,TRUE,,Friend vs friend mode on.,,,,,,"[""en""]"
solitaire-tripeaks:friend-joined:en:t14,TRUE,TRUE,,Play together right now.,,,,,,"[""en""]"
solitaire-tripeaks:friend-joined:en:t15,TRUE,TRUE,,Your friend is ready.,,,,,,"[""en""]"
solitaire-tripeaks:friend-joined:en:t16,TRUE,TRUE,,Duo challenge begins.,,,,,,"[""en""]"
solitaire-tripeaks:friend-joined:en:t17,TRUE,TRUE,,Friends play best together.,,,,,,"[""en""]"
solitaire-tripeaks:friend-joined:en:t18,TRUE,TRUE,,Your partner joined the table.,,,,,,"[""en""]"
solitaire-tripeaks:friend-joined:en:t19,TRUE,TRUE,,Team up and dominate.,,,,,,"[""en""]"
solitaire-tripeaks:friend-joined:en:t20,TRUE,TRUE,,Friend challenge unlocked.,,,,,,"[""en""]"
solitaire-tripeaks:daily:ar:t1,TRUE,TRUE,,عُد والعب اليوم.,,,,,,"[""ar""]"
solitaire-tripeaks:daily:ar:t2,TRUE,TRUE,,بطاقاتك بانتظارك.,,,,,,"[""ar""]"
solitaire-tripeaks:daily:ar:t3,TRUE,TRUE,,جاهز لخريطة اليوم؟,,,,,,"[""ar""]"
solitaire-tripeaks:daily:ar:t4,TRUE,TRUE,,تحقق من إنجازاتك اليومية.,,,,,,"[""ar""]"
solitaire-tripeaks:daily:ar:t5,TRUE,TRUE,,افتقدناك بالأمس.,,,,,,"[""ar""]"
solitaire-tripeaks:daily:ar:t6,TRUE,TRUE,,وقت المرح مع البطاقات.,,,,,,"[""ar""]"
solitaire-tripeaks:daily:ar:t7,TRUE,TRUE,,مكافآتك اليومية بانتظارك.,,,,,,"[""ar""]"
solitaire-tripeaks:daily:ar:t8,TRUE,TRUE,,لنمسح بعض البطاقات.,,,,,,"[""ar""]"
solitaire-tripeaks:daily:ar:t9,TRUE,TRUE,,خريطة اليوم جاهزة.,,,,,,"[""ar""]"
solitaire-tripeaks:daily:ar:t10,TRUE,TRUE,,لا تفوت مكافأة اليوم.,,,,,,"[""ar""]"
solitaire-tripeaks:daily:ar:t11,TRUE,TRUE,,دورك لتتألق.,,,,,,"[""ar""]"
solitaire-tripeaks:daily:ar:t12,TRUE,TRUE,,خريطة جديدة، متعة جديدة.,,,,,,"[""ar""]"
solitaire-tripeaks:daily:ar:t13,TRUE,TRUE,,التحدي اليومي مفتوح.,,,,,,"[""ar""]"
solitaire-tripeaks:daily:ar:t14,TRUE,TRUE,,تعال العب معنا.,,,,,,"[""ar""]"
solitaire-tripeaks:daily:ar:t15,TRUE,TRUE,,مستواك اليوم بانتظارك.,,,,,,"[""ar""]"
solitaire-tripeaks:daily:ar:t16,TRUE,TRUE,,حفلة البطاقات تبدأ الآن.,,,,,,"[""ar""]"
solitaire-tripeaks:daily:ar:t17,TRUE,TRUE,,جرعتك اليومية من المرح.,,,,,,"[""ar""]"
solitaire-tripeaks:daily:ar:t18,TRUE,TRUE,,مستعد للترقية؟,,,,,,"[""ar""]"
solitaire-tripeaks:daily:ar:t19,TRUE,TRUE,,يوم جديد، بطاقات جديدة.,,,,,,"[""ar""]"
solitaire-tripeaks:daily:ar:t20,TRUE,TRUE,,لنصنع يوماً رائعاً.,,,,,,"[""ar""]"
solitaire-tripeaks:new-map:ar:t1,TRUE,TRUE,,خريطة جديدة بانتظارك.,,,,,,"[""ar""]"
solitaire-tripeaks:new-map:ar:t2,TRUE,TRUE,,تم توزيع بطاقات جديدة.,,,,,,"[""ar""]"
solitaire-tripeaks:new-map:ar:t3,TRUE,TRUE,,خريطة جديدة مفتوحة - العب الآن.,,,,,,"[""ar""]"
solitaire-tripeaks:new-map:ar:t4,TRUE,TRUE,,اكتشف الخريطة الجديدة اليوم.,,,,,,"[""ar""]"
solitaire-tripeaks:new-map:ar:t5,TRUE,TRUE,,مغامرة جديدة بانتظارك.,,,,,,"[""ar""]"
solitaire-tripeaks:new-map:ar:t6,TRUE,TRUE,,تنبيه خريطة جديدة.,,,,,,"[""ar""]"
solitaire-tripeaks:new-map:ar:t7,TRUE,TRUE,,خريطتك التالية جاهزة.,,,,,,"[""ar""]"
solitaire-tripeaks:new-map:ar:t8,TRUE,TRUE,,شيء جديد للاكتشاف.,,,,,,"[""ar""]"
solitaire-tripeaks:new-map:ar:t9,TRUE,TRUE,,مستوى جديد أُضيف للتو.,,,,,,"[""ar""]"
solitaire-tripeaks:new-map:ar:t10,TRUE,TRUE,,مستعد لتحدٍّ جديد؟,,,,,,"[""ar""]"
solitaire-tripeaks:new-map:ar:t11,TRUE,TRUE,,خريطة جديدة رائعة هنا.,,,,,,"[""ar""]"
solitaire-tripeaks:new-map:ar:t12,TRUE,TRUE,,بطاقات جديدة، مغامرة جديدة.,,,,,,"[""ar""]"
solitaire-tripeaks:new-map:ar:t13,TRUE,TRUE,,خريطة جديدة مفتوحة للتو.,,,,,,"[""ar""]"
solitaire-tripeaks:new-map:ar:t14,TRUE,TRUE,,رحلتك التالية تبدأ.,,,,,,"[""ar""]"
solitaire-tripeaks:new-map:ar:t15,TRUE,TRUE,,خريطة جديدة متاحة الآن.,,,,,,"[""ar""]"
solitaire-tripeaks:new-map:ar:t16,TRUE,TRUE,,خريطة جديدة بانتظارك.,,,,,,"[""ar""]"
solitaire-tripeaks:new-map:ar:t17,TRUE,TRUE,,ارتقِ مع هذه الخريطة الجديدة.,,,,,,"[""ar""]"
solitaire-tripeaks:new-map:ar:t18,TRUE,TRUE,,وجهة جديدة مفتوحة.,,,,,,"[""ar""]"
solitaire-tripeaks:new-map:ar:t19,TRUE,TRUE,,خريطة جديدة، إمكانيات جديدة.,,,,,,"[""ar""]"
solitaire-tripeaks:new-map:ar:t20,TRUE,TRUE,,ابدأ خريطتك الجديدة الآن.,,,,,,"[""ar""]"
solitaire-tripeaks:idle-gold:ar:t1,TRUE,TRUE,,ذهبك جاهز. تعال واجمعه.,,,,,,"[""ar""]"
solitaire-tripeaks:idle-gold:ar:t2,TRUE,TRUE,,ذهب الخمول ينتظرك - ارجع للعبة.,,,,,,"[""ar""]"
solitaire-tripeaks:idle-gold:ar:t3,TRUE,TRUE,,مخزون ذهبك ممتلئ. خذه.,,,,,,"[""ar""]"
solitaire-tripeaks:idle-gold:ar:t4,TRUE,TRUE,,حان وقت اللعب. ذهبك جاهز.,,,,,,"[""ar""]"
solitaire-tripeaks:idle-gold:ar:t5,TRUE,TRUE,,عد للعبة. الذهب يتراكم.,,,,,,"[""ar""]"
solitaire-tripeaks:idle-gold:ar:t6,TRUE,TRUE,,ذهبك يفيض. احصل عليه الآن.,,,,,,"[""ar""]"
solitaire-tripeaks:idle-gold:ar:t7,TRUE,TRUE,,تنبيه ذهب. تعال واجمع مخزونك.,,,,,,"[""ar""]"
solitaire-tripeaks:idle-gold:ar:t8,TRUE,TRUE,,ارجع واجمع ذهبك.,,,,,,"[""ar""]"
solitaire-tripeaks:idle-gold:ar:t9,TRUE,TRUE,,مكافأتك جاهزة. عد والعب.,,,,,,"[""ar""]"
solitaire-tripeaks:idle-gold:ar:t10,TRUE,TRUE,,الذهب مفتوح. تعال وشاهد كميته.,,,,,,"[""ar""]"
solitaire-tripeaks:idle-gold:ar:t11,TRUE,TRUE,,عد للحصول على مكافأتك الذهبية.,,,,,,"[""ar""]"
solitaire-tripeaks:idle-gold:ar:t12,TRUE,TRUE,,ذهبك لن ينتظر. ادخل بسرعة.,,,,,,"[""ar""]"
solitaire-tripeaks:idle-gold:ar:t13,TRUE,TRUE,,شيء ذهبي ينتظرك. تعال والعب.,,,,,,"[""ar""]"
solitaire-tripeaks:idle-gold:ar:t14,TRUE,TRUE,,اجمع ذهبك قبل أن يتوقف.,,,,,,"[""ar""]"
solitaire-tripeaks:idle-gold:ar:t15,TRUE,TRUE,,الذهب جاهز. عد الآن.,,,,,,"[""ar""]"
solitaire-tripeaks:idle-gold:ar:t16,TRUE,TRUE,,مخزون ذهبك يفيض. تعال والعب.,,,,,,"[""ar""]"
solitaire-tripeaks:idle-gold:ar:t17,TRUE,TRUE,,ادخل. ذهبك يحتاج للجمع.,,,,,,"[""ar""]"
solitaire-tripeaks:idle-gold:ar:t18,TRUE,TRUE,,عد للعبة. ذهبك ينتظرك.,,,,,,"[""ar""]"
solitaire-tripeaks:idle-gold:ar:t19,TRUE,TRUE,,وقت الذهب. اقفز للعبة.,,,,,,"[""ar""]"
solitaire-tripeaks:idle-gold:ar:t20,TRUE,TRUE,,مكافأتك الذهبية هنا. تعال والعب.,,,,,,"[""ar""]"
solitaire-tripeaks:friend-joined:ar:t1,TRUE,TRUE,,صديقك انضم الآن.,,,,,,"[""ar""]"
solitaire-tripeaks:friend-joined:ar:t2,TRUE,TRUE,,حان وقت اللعب معاً.,,,,,,"[""ar""]"
solitaire-tripeaks:friend-joined:ar:t3,TRUE,TRUE,,تحدَّ صديقك الآن.,,,,,,"[""ar""]"
solitaire-tripeaks:friend-joined:ar:t4,TRUE,TRUE,,صديقك على الطاولة.,,,,,,"[""ar""]"
solitaire-tripeaks:friend-joined:ar:t5,TRUE,TRUE,,المتعة المضاعفة بانتظارك.,,,,,,"[""ar""]"
solitaire-tripeaks:friend-joined:ar:t6,TRUE,TRUE,,وضع الصديق تم فتحه.,,,,,,"[""ar""]"
solitaire-tripeaks:friend-joined:ar:t7,TRUE,TRUE,,لنلعب كفريق.,,,,,,"[""ar""]"
solitaire-tripeaks:friend-joined:ar:t8,TRUE,TRUE,,صديقك يريد اللعب.,,,,,,"[""ar""]"
solitaire-tripeaks:friend-joined:ar:t9,TRUE,TRUE,,تم تفعيل مستوى الصداقة.,,,,,,"[""ar""]"
solitaire-tripeaks:friend-joined:ar:t10,TRUE,TRUE,,لاعبان، متعة مضاعفة.,,,,,,"[""ar""]"
solitaire-tripeaks:friend-joined:ar:t11,TRUE,TRUE,,صديقك قبل التحدي.,,,,,,"[""ar""]"
solitaire-tripeaks:friend-joined:ar:t12,TRUE,TRUE,,رفيق اللعب وصل.,,,,,,"[""ar""]"
solitaire-tripeaks:friend-joined:ar:t13,TRUE,TRUE,,وضع صديق ضد صديق مفعل.,,,,,,"[""ar""]"
solitaire-tripeaks:friend-joined:ar:t14,TRUE,TRUE,,العبوا معًا الآن.,,,,,,"[""ar""]"
solitaire-tripeaks:friend-joined:ar:t15,TRUE,TRUE,,صديقك جاهز.,,,,,,"[""ar""]"
solitaire-tripeaks:friend-joined:ar:t16,TRUE,TRUE,,التحدي الثنائي يبدأ.,,,,,,"[""ar""]"
solitaire-tripeaks:friend-joined:ar:t17,TRUE,TRUE,,الأصدقاء يلعبون أفضل معًا.,,,,,,"[""ar""]"
solitaire-tripeaks:friend-joined:ar:t18,TRUE,TRUE,,شريكك انضم للطاولة.,,,,,,"[""ar""]"
solitaire-tripeaks:friend-joined:ar:t19,TRUE,TRUE,,شكّل فريقًا وسيطر.,,,,,,"[""ar""]"
solitaire-tripeaks:friend-joined:ar:t20,TRUE,TRUE,,تم فتح تحدي الأصدقاء.,,,,,,"[""ar""]"
solitaire-tripeaks:daily:es:t1,TRUE,TRUE,,¡Vuelve a jugar hoy.,,,,,,"[""es""]"
solitaire-tripeaks:daily:es:t2,TRUE,TRUE,,¡Tus cartas te esperan.,,,,,,"[""es""]"
solitaire-tripeaks:daily:es:t3,TRUE,TRUE,,¿Listo para el mapa de hoy.,,,,,,"[""es""]"
solitaire-tripeaks:daily:es:t4,TRUE,TRUE,,¡Revisa tu racha diaria.,,,,,,"[""es""]"
solitaire-tripeaks:daily:es:t5,TRUE,TRUE,,¡Te extrañamos ayer.,,,,,,"[""es""]"
solitaire-tripeaks:daily:es:t6,TRUE,TRUE,,¡Hora de diversión con cartas.,,,,,,"[""es""]"
solitaire-tripeaks:daily:es:t7,TRUE,TRUE,,¡Tus recompensas te esperan.,,,,,,"[""es""]"
solitaire-tripeaks:daily:es:t8,TRUE,TRUE,,¡A limpiar las cartas.,,,,,,"[""es""]"
solitaire-tripeaks:daily:es:t9,TRUE,TRUE,,¡El mapa de hoy está listo.,,,,,,"[""es""]"
solitaire-tripeaks:daily:es:t10,TRUE,TRUE,,¡No te pierdas el bono.,,,,,,"[""es""]"
solitaire-tripeaks:daily:es:t11,TRUE,TRUE,,¡Es tu momento de brillar.,,,,,,"[""es""]"
solitaire-tripeaks:daily:es:t12,TRUE,TRUE,,"¡Nuevo mapa, nueva diversión.",,,,,,"[""es""]"
solitaire-tripeaks:daily:es:t13,TRUE,TRUE,,¡Desafío diario desbloqueado.,,,,,,"[""es""]"
solitaire-tripeaks:daily:es:t14,TRUE,TRUE,,¡Ven a jugar con nosotros.,,,,,,"[""es""]"
solitaire-tripeaks:daily:es:t15,TRUE,TRUE,,¡Tu nivel de hoy te espera.,,,,,,"[""es""]"
solitaire-tripeaks:daily:es:t16,TRUE,TRUE,,¡Fiesta de cartas ya.,,,,,,"[""es""]"
solitaire-tripeaks:daily:es:t17,TRUE,TRUE,,¡Tu dosis diaria de diversión.,,,,,,"[""es""]"
solitaire-tripeaks:daily:es:t18,TRUE,TRUE,,¿Listo para subir de nivel.,,,,,,"[""es""]"
solitaire-tripeaks:daily:es:t19,TRUE,TRUE,,"¡Nuevo día, nuevas cartas.",,,,,,"[""es""]"
solitaire-tripeaks:daily:es:t20,TRUE,TRUE,,¡Hagamos de hoy algo épico.,,,,,,"[""es""]"
solitaire-tripeaks:new-map:es:t1,TRUE,TRUE,,¡Un nuevo mapa te espera.,,,,,,"[""es""]"
solitaire-tripeaks:new-map:es:t2,TRUE,TRUE,,¡Nuevas cartas repartidas.,,,,,,"[""es""]"
solitaire-tripeaks:new-map:es:t3,TRUE,TRUE,,¡Nuevo mapa desbloqueado - juega ya.,,,,,,"[""es""]"
solitaire-tripeaks:new-map:es:t4,TRUE,TRUE,,¡Explora el nuevo mapa hoy.,,,,,,"[""es""]"
solitaire-tripeaks:new-map:es:t5,TRUE,TRUE,,¡Una nueva aventura te espera.,,,,,,"[""es""]"
solitaire-tripeaks:new-map:es:t6,TRUE,TRUE,,¡Alerta de nuevo mapa.,,,,,,"[""es""]"
solitaire-tripeaks:new-map:es:t7,TRUE,TRUE,,¡Tu próximo mapa está listo.,,,,,,"[""es""]"
solitaire-tripeaks:new-map:es:t8,TRUE,TRUE,,¡Algo nuevo por descubrir.,,,,,,"[""es""]"
solitaire-tripeaks:new-map:es:t9,TRUE,TRUE,,¡Nuevo nivel acaba de llegar.,,,,,,"[""es""]"
solitaire-tripeaks:new-map:es:t10,TRUE,TRUE,,¿Listo para un nuevo desafío.,,,,,,"[""es""]"
solitaire-tripeaks:new-map:es:t11,TRUE,TRUE,,¡Hay un nuevo mapa aquí.,,,,,,"[""es""]"
solitaire-tripeaks:new-map:es:t12,TRUE,TRUE,,"¡Cartas nuevas, nueva aventura.",,,,,,"[""es""]"
solitaire-tripeaks:new-map:es:t13,TRUE,TRUE,,¡Nuevo mapa recién desbloqueado.,,,,,,"[""es""]"
solitaire-tripeaks:new-map:es:t14,TRUE,TRUE,,¡Tu próximo viaje comienza.,,,,,,"[""es""]"
solitaire-tripeaks:new-map:es:t15,TRUE,TRUE,,¡Nuevo mapa disponible ahora.,,,,,,"[""es""]"
solitaire-tripeaks:new-map:es:t16,TRUE,TRUE,,¡Un nuevo mapa te aguarda.,,,,,,"[""es""]"
solitaire-tripeaks:new-map:es:t17,TRUE,TRUE,,¡Sube de nivel con este nuevo mapa.,,,,,,"[""es""]"
solitaire-tripeaks:new-map:es:t18,TRUE,TRUE,,¡Nuevo destino desbloqueado.,,,,,,"[""es""]"
solitaire-tripeaks:new-map:es:t19,TRUE,TRUE,,"¡Nuevo mapa, nuevas posibilidades.",,,,,,"[""es""]"
solitaire-tripeaks:new-map:es:t20,TRUE,TRUE,,¡Empieza tu nuevo mapa ya.,,,,,,"[""es""]"
solitaire-tripeaks:idle-gold:es:t1,TRUE,TRUE,,¡Tu oro está listo. ¡Ven a recogerlo.,,,,,,"[""es""]"
solitaire-tripeaks:idle-gold:es:t2,TRUE,TRUE,,¡Oro inactivo esperando - vuelve al juego.,,,,,,"[""es""]"
solitaire-tripeaks:idle-gold:es:t3,TRUE,TRUE,,¡Tu alijo de oro está lleno. ¡Cógelo.,,,,,,"[""es""]"
solitaire-tripeaks:idle-gold:es:t4,TRUE,TRUE,,¡Hora de jugar. ¡Tu oro está listo.,,,,,,"[""es""]"
solitaire-tripeaks:idle-gold:es:t5,TRUE,TRUE,,¡Regresa. ¡El oro se acumula.,,,,,,"[""es""]"
solitaire-tripeaks:idle-gold:es:t6,TRUE,TRUE,,¡Tu oro se desborda. ¡Recógelo ahora.,,,,,,"[""es""]"
solitaire-tripeaks:idle-gold:es:t7,TRUE,TRUE,,¡Alerta de oro. ¡Ven a recoger tu alijo.,,,,,,"[""es""]"
solitaire-tripeaks:idle-gold:es:t8,TRUE,TRUE,,¡Vuelve y recoge tu oro.,,,,,,"[""es""]"
solitaire-tripeaks:idle-gold:es:t9,TRUE,TRUE,,¡Tu recompensa está lista. ¡Regresa y juega.,,,,,,"[""es""]"
solitaire-tripeaks:idle-gold:es:t10,TRUE,TRUE,,¡Oro desbloqueado. ¡Ven a ver cuánto tienes.,,,,,,"[""es""]"
solitaire-tripeaks:idle-gold:es:t11,TRUE,TRUE,,¡Regresa por tu recompensa dorada.,,,,,,"[""es""]"
solitaire-tripeaks:idle-gold:es:t12,TRUE,TRUE,,¡Tu oro no esperará. ¡Entra rápido.,,,,,,"[""es""]"
solitaire-tripeaks:idle-gold:es:t13,TRUE,TRUE,,¡Algo dorado te espera. ¡Ven a jugar.,,,,,,"[""es""]"
solitaire-tripeaks:idle-gold:es:t14,TRUE,TRUE,,¡Recoge tu oro antes de que pare.,,,,,,"[""es""]"
solitaire-tripeaks:idle-gold:es:t15,TRUE,TRUE,,¡Oro listo. ¡Regresa ahora.,,,,,,"[""es""]"
solitaire-tripeaks:idle-gold:es:t16,TRUE,TRUE,,¡Tu alijo de oro rebosa. ¡Ven a jugar.,,,,,,"[""es""]"
solitaire-tripeaks:idle-gold:es:t17,TRUE,TRUE,,¡Entra. ¡Tu oro necesita ser recogido.,,,,,,"[""es""]"
solitaire-tripeaks:idle-gold:es:t18,TRUE,TRUE,,¡Regresa. ¡Tu oro está esperando.,,,,,,"[""es""]"
solitaire-tripeaks:idle-gold:es:t19,TRUE,TRUE,,¡Hora del oro. ¡Salta al juego.,,,,,,"[""es""]"
solitaire-tripeaks:idle-gold:es:t20,TRUE,TRUE,,¡Tu recompensa dorada está aquí. ¡Ven a jugar.,,,,,,"[""es""]"
solitaire-tripeaks:friend-joined:es:t1,TRUE,TRUE,,¡Tu amigo se acaba de unir.,,,,,,"[""es""]"
solitaire-tripeaks:friend-joined:es:t2,TRUE,TRUE,,¡Hora de jugar juntos.,,,,,,"[""es""]"
solitaire-tripeaks:friend-joined:es:t3,TRUE,TRUE,,¡Desafía a tu amigo ya.,,,,,,"[""es""]"
solitaire-tripeaks:friend-joined:es:t4,TRUE,TRUE,,¡Tu compañero está en la mesa.,,,,,,"[""es""]"
solitaire-tripeaks:friend-joined:es:t5,TRUE,TRUE,,¡Diversión doble te espera.,,,,,,"[""es""]"
solitaire-tripeaks:friend-joined:es:t6,TRUE,TRUE,,¡Modo amigo desbloqueado.,,,,,,"[""es""]"
solitaire-tripeaks:friend-joined:es:t7,TRUE,TRUE,,¡Juguemos en equipo.,,,,,,"[""es""]"
solitaire-tripeaks:friend-joined:es:t8,TRUE,TRUE,,¡Tu amigo quiere jugar.,,,,,,"[""es""]"
solitaire-tripeaks:friend-joined:es:t9,TRUE,TRUE,,¡Nivel de amistad activado.,,,,,,"[""es""]"
solitaire-tripeaks:friend-joined:es:t10,TRUE,TRUE,,"¡Dos jugadores, doble diversión.",,,,,,"[""es""]"
solitaire-tripeaks:friend-joined:es:t11,TRUE,TRUE,,¡Tu amigo aceptó el reto.,,,,,,"[""es""]"
solitaire-tripeaks:friend-joined:es:t12,TRUE,TRUE,,¡Tu compañero de juego llegó.,,,,,,"[""es""]"
solitaire-tripeaks:friend-joined:es:t13,TRUE,TRUE,,¡Modo amigo vs amigo activado.,,,,,,"[""es""]"
solitaire-tripeaks:friend-joined:es:t14,TRUE,TRUE,,¡Jueguen juntos ya.,,,,,,"[""es""]"
solitaire-tripeaks:friend-joined:es:t15,TRUE,TRUE,,¡Tu amigo está listo.,,,,,,"[""es""]"
solitaire-tripeaks:friend-joined:es:t16,TRUE,TRUE,,¡Comienza el desafío en dúo.,,,,,,"[""es""]"
solitaire-tripeaks:friend-joined:es:t17,TRUE,TRUE,,¡Los amigos juegan mejor juntos.,,,,,,"[""es""]"
solitaire-tripeaks:friend-joined:es:t18,TRUE,TRUE,,¡Tu socio se unió a la mesa.,,,,,,"[""es""]"
solitaire-tripeaks:friend-joined:es:t19,TRUE,TRUE,,¡Forma equipo y domina.,,,,,,"[""es""]"
solitaire-tripeaks:friend-joined:es:t20,TRUE,TRUE,,¡Desafío de amigos desbloqueado.,,,,,,"[""es""]"
solitaire-tripeaks:daily:pt:t1,TRUE,TRUE,,Volte a jogar hoje.,,,,,,"[""pt""]"
solitaire-tripeaks:daily:pt:t2,TRUE,TRUE,,Suas cartas estão esperando.,,,,,,"[""pt""]"
solitaire-tripeaks:daily:pt:t3,TRUE,TRUE,,Pronto para o mapa de hoje.,,,,,,"[""pt""]"
solitaire-tripeaks:daily:pt:t4,TRUE,TRUE,,Veja sua sequência diária.,,,,,,"[""pt""]"
solitaire-tripeaks:daily:pt:t5,TRUE,TRUE,,Sentimos sua falta ontem.,,,,,,"[""pt""]"
solitaire-tripeaks:daily:pt:t6,TRUE,TRUE,,Hora de diversão com cartas.,,,,,,"[""pt""]"
solitaire-tripeaks:daily:pt:t7,TRUE,TRUE,,Suas recompensas diárias estão aqui.,,,,,,"[""pt""]"
solitaire-tripeaks:daily:pt:t8,TRUE,TRUE,,Vamos limpar as cartas.,,,,,,"[""pt""]"
solitaire-tripeaks:daily:pt:t9,TRUE,TRUE,,O mapa de hoje está pronto.,,,,,,"[""pt""]"
solitaire-tripeaks:daily:pt:t10,TRUE,TRUE,,Não perca o bônus de hoje.,,,,,,"[""pt""]"
solitaire-tripeaks:daily:pt:t11,TRUE,TRUE,,Sua vez de brilhar.,,,,,,"[""pt""]"
solitaire-tripeaks:daily:pt:t12,TRUE,TRUE,,"Novo mapa, nova diversão.",,,,,,"[""pt""]"
solitaire-tripeaks:daily:pt:t13,TRUE,TRUE,,Desafio diário liberado.,,,,,,"[""pt""]"
solitaire-tripeaks:daily:pt:t14,TRUE,TRUE,,Venha jogar com a gente.,,,,,,"[""pt""]"
solitaire-tripeaks:daily:pt:t15,TRUE,TRUE,,Seu nível de hoje te espera.,,,,,,"[""pt""]"
solitaire-tripeaks:daily:pt:t16,TRUE,TRUE,,A festa das cartas começou.,,,,,,"[""pt""]"
solitaire-tripeaks:daily:pt:t17,TRUE,TRUE,,Sua dose diária de diversão.,,,,,,"[""pt""]"
solitaire-tripeaks:daily:pt:t18,TRUE,TRUE,,Pronto para subir de nível.,,,,,,"[""pt""]"
solitaire-tripeaks:daily:pt:t19,TRUE,TRUE,,"Dia novo, cartas novas.",,,,,,"[""pt""]"
solitaire-tripeaks:daily:pt:t20,TRUE,TRUE,,Vamos fazer um dia épico.,,,,,,"[""pt""]"
solitaire-tripeaks:new-map:pt:t1,TRUE,TRUE,,Um novo mapa está esperando.,,,,,,"[""pt""]"
solitaire-tripeaks:new-map:pt:t2,TRUE,TRUE,,Novas cartas foram distribuídas.,,,,,,"[""pt""]"
solitaire-tripeaks:new-map:pt:t3,TRUE,TRUE,,Novo mapa desbloqueado - jogue agora.,,,,,,"[""pt""]"
solitaire-tripeaks:new-map:pt:t4,TRUE,TRUE,,Explore o novo mapa hoje.,,,,,,"[""pt""]"
solitaire-tripeaks:new-map:pt:t5,TRUE,TRUE,,Uma nova aventura aguarda.,,,,,,"[""pt""]"
solitaire-tripeaks:new-map:pt:t6,TRUE,TRUE,,Alerta de novo mapa.,,,,,,"[""pt""]"
solitaire-tripeaks:new-map:pt:t7,TRUE,TRUE,,Seu próximo mapa está pronto.,,,,,,"[""pt""]"
solitaire-tripeaks:new-map:pt:t8,TRUE,TRUE,,Algo novo para descobrir.,,,,,,"[""pt""]"
solitaire-tripeaks:new-map:pt:t9,TRUE,TRUE,,Novo nível acabou de chegar.,,,,,,"[""pt""]"
solitaire-tripeaks:new-map:pt:t10,TRUE,TRUE,,Pronto para um novo desafio.,,,,,,"[""pt""]"
solitaire-tripeaks:new-map:pt:t11,TRUE,TRUE,,Um novo mapa incrível está aqui.,,,,,,"[""pt""]"
solitaire-tripeaks:new-map:pt:t12,TRUE,TRUE,,"Cartas novas, nova aventura.",,,,,,"[""pt""]"
solitaire-tripeaks:new-map:pt:t13,TRUE,TRUE,,Novo mapa recém desbloqueado.,,,,,,"[""pt""]"
solitaire-tripeaks:new-map:pt:t14,TRUE,TRUE,,Sua próxima jornada começa.,,,,,,"[""pt""]"
solitaire-tripeaks:new-map:pt:t15,TRUE,TRUE,,Novo mapa disponível agora.,,,,,,"[""pt""]"
solitaire-tripeaks:new-map:pt:t16,TRUE,TRUE,,Um novo mapa aguarda você.,,,,,,"[""pt""]"
solitaire-tripeaks:new-map:pt:t17,TRUE,TRUE,,Suba de nível com este novo mapa.,,,,,,"[""pt""]"
solitaire-tripeaks:new-map:pt:t18,TRUE,TRUE,,Novo destino desbloqueado.,,,,,,"[""pt""]"
solitaire-tripeaks:new-map:pt:t19,TRUE,TRUE,,"Novo mapa, novas possibilidades.",,,,,,"[""pt""]"
solitaire-tripeaks:new-map:pt:t20,TRUE,TRUE,,Comece seu novo mapa agora.,,,,,,"[""pt""]"
solitaire-tripeaks:idle-gold:pt:t1,TRUE,TRUE,,Seu ouro está pronto. Venha pegar.,,,,,,"[""pt""]"
solitaire-tripeaks:idle-gold:pt:t2,TRUE,TRUE,,Ouro ocioso esperando - volte ao jogo.,,,,,,"[""pt""]"
solitaire-tripeaks:idle-gold:pt:t3,TRUE,TRUE,,Seu estoque de ouro está cheio. Pegue.,,,,,,"[""pt""]"
solitaire-tripeaks:idle-gold:pt:t4,TRUE,TRUE,,Hora de jogar. Seu ouro está pronto.,,,,,,"[""pt""]"
solitaire-tripeaks:idle-gold:pt:t5,TRUE,TRUE,,Volte. O ouro está se acumulando.,,,,,,"[""pt""]"
solitaire-tripeaks:idle-gold:pt:t6,TRUE,TRUE,,Seu ouro está transbordando. Pegue agora.,,,,,,"[""pt""]"
solitaire-tripeaks:idle-gold:pt:t7,TRUE,TRUE,,Alerta de ouro. Venha coletar seu estoque.,,,,,,"[""pt""]"
solitaire-tripeaks:idle-gold:pt:t8,TRUE,TRUE,,Volte e colete seu ouro.,,,,,,"[""pt""]"
solitaire-tripeaks:idle-gold:pt:t9,TRUE,TRUE,,Sua recompensa está pronta. Volte e jogue.,,,,,,"[""pt""]"
solitaire-tripeaks:idle-gold:pt:t10,TRUE,TRUE,,Ouro desbloqueado. Veja quanto você tem.,,,,,,"[""pt""]"
solitaire-tripeaks:idle-gold:pt:t11,TRUE,TRUE,,Volte para sua recompensa dourada.,,,,,,"[""pt""]"
solitaire-tripeaks:idle-gold:pt:t12,TRUE,TRUE,,Seu ouro não vai esperar. Entre rápido.,,,,,,"[""pt""]"
solitaire-tripeaks:idle-gold:pt:t13,TRUE,TRUE,,Algo dourado está esperando. Venha jogar.,,,,,,"[""pt""]"
solitaire-tripeaks:idle-gold:pt:t14,TRUE,TRUE,,Pegue seu ouro antes que pare.,,,,,,"[""pt""]"
solitaire-tripeaks:idle-gold:pt:t15,TRUE,TRUE,,Ouro pronto. Volte agora.,,,,,,"[""pt""]"
solitaire-tripeaks:idle-gold:pt:t16,TRUE,TRUE,,Seu estoque de ouro transborda. Venha jogar.,,,,,,"[""pt""]"
solitaire-tripeaks:idle-gold:pt:t17,TRUE,TRUE,,Entre. Seu ouro precisa ser coletado.,,,,,,"[""pt""]"
solitaire-tripeaks:idle-gold:pt:t18,TRUE,TRUE,,Volte. Seu ouro está esperando.,,,,,,"[""pt""]"
solitaire-tripeaks:idle-gold:pt:t19,TRUE,TRUE,,Hora do ouro. Pule no jogo.,,,,,,"[""pt""]"
solitaire-tripeaks:idle-gold:pt:t20,TRUE,TRUE,,Sua recompensa dourada está aqui. Venha jogar.,,,,,,"[""pt""]"
solitaire-tripeaks:friend-joined:pt:t1,TRUE,TRUE,,Seu amigo acabou de entrar.,,,,,,"[""pt""]"
solitaire-tripeaks:friend-joined:pt:t2,TRUE,TRUE,,Hora de jogar juntos.,,,,,,"[""pt""]"
solitaire-tripeaks:friend-joined:pt:t3,TRUE,TRUE,,Desafie seu amigo agora.,,,,,,"[""pt""]"
solitaire-tripeaks:friend-joined:pt:t4,TRUE,TRUE,,Seu parceiro está na mesa.,,,,,,"[""pt""]"
solitaire-tripeaks:friend-joined:pt:t5,TRUE,TRUE,,Diversão em dobro te espera.,,,,,,"[""pt""]"
solitaire-tripeaks:friend-joined:pt:t6,TRUE,TRUE,,Modo amigo liberado.,,,,,,"[""pt""]"
solitaire-tripeaks:friend-joined:pt:t7,TRUE,TRUE,,Vamos jogar em equipe.,,,,,,"[""pt""]"
solitaire-tripeaks:friend-joined:pt:t8,TRUE,TRUE,,Seu amigo quer jogar.,,,,,,"[""pt""]"
solitaire-tripeaks:friend-joined:pt:t9,TRUE,TRUE,,Nível de amizade ativado.,,,,,,"[""pt""]"
solitaire-tripeaks:friend-joined:pt:t10,TRUE,TRUE,,"Dois jogadores, diversão em dobro.",,,,,,"[""pt""]"
solitaire-tripeaks:friend-joined:pt:t11,TRUE,TRUE,,Desafio aceito pelo amigo.,,,,,,"[""pt""]"
solitaire-tripeaks:friend-joined:pt:t12,TRUE,TRUE,,Seu parceiro de jogo chegou.,,,,,,"[""pt""]"
solitaire-tripeaks:friend-joined:pt:t13,TRUE,TRUE,,Modo amigo vs amigo ativo.,,,,,,"[""pt""]"
solitaire-tripeaks:friend-joined:pt:t14,TRUE,TRUE,,Joguem juntos agora.,,,,,,"[""pt""]"
solitaire-tripeaks:friend-joined:pt:t15,TRUE,TRUE,,Seu amigo está pronto.,,,,,,"[""pt""]"
solitaire-tripeaks:friend-joined:pt:t16,TRUE,TRUE,,Começa o desafio em dupla.,,,,,,"[""pt""]"
solitaire-tripeaks:friend-joined:pt:t17,TRUE,TRUE,,Amigos jogam melhor juntos.,,,,,,"[""pt""]"
solitaire-tripeaks:friend-joined:pt:t18,TRUE,TRUE,,Seu parceiro se juntou à mesa.,,,,,,"[""pt""]"
solitaire-tripeaks:friend-joined:pt:t19,TRUE,TRUE,,Formem time e dominem.,,,,,,"[""pt""]"
solitaire-tripeaks:friend-joined:pt:t20,TRUE,TRUE,,Desafio de amigo liberado.,,,,,,"[""pt""]"
solitaire-tripeaks:daily:id:t1,TRUE,TRUE,,Ayo main lagi hari ini.,,,,,,"[""id""]"
solitaire-tripeaks:daily:id:t2,TRUE,TRUE,,Kartumu sedang menunggu.,,,,,,"[""id""]"
solitaire-tripeaks:daily:id:t3,TRUE,TRUE,,Siap tantangan peta hari ini.,,,,,,"[""id""]"
solitaire-tripeaks:daily:id:t4,TRUE,TRUE,,Cek streak harianmu.,,,,,,"[""id""]"
solitaire-tripeaks:daily:id:t5,TRUE,TRUE,,Kami kangen kemarin.,,,,,,"[""id""]"
solitaire-tripeaks:daily:id:t6,TRUE,TRUE,,Saatnya bersenang-senang dengan kartu.,,,,,,"[""id""]"
solitaire-tripeaks:daily:id:t7,TRUE,TRUE,,Hadiah harianmu menunggu.,,,,,,"[""id""]"
solitaire-tripeaks:daily:id:t8,TRUE,TRUE,,Bersihkan kartunya.,,,,,,"[""id""]"
solitaire-tripeaks:daily:id:t9,TRUE,TRUE,,Peta hari ini siap.,,,,,,"[""id""]"
solitaire-tripeaks:daily:id:t10,TRUE,TRUE,,Jangan lewatkan bonus hari ini.,,,,,,"[""id""]"
solitaire-tripeaks:daily:id:t11,TRUE,TRUE,,Saatnya kamu bersinar.,,,,,,"[""id""]"
solitaire-tripeaks:daily:id:t12,TRUE,TRUE,,"Peta baru, seru baru.",,,,,,"[""id""]"
solitaire-tripeaks:daily:id:t13,TRUE,TRUE,,Tantangan harian terbuka.,,,,,,"[""id""]"
solitaire-tripeaks:daily:id:t14,TRUE,TRUE,,Ayo main bareng.,,,,,,"[""id""]"
solitaire-tripeaks:daily:id:t15,TRUE,TRUE,,Level hari ini menantimu.,,,,,,"[""id""]"
solitaire-tripeaks:daily:id:t16,TRUE,TRUE,,Pesta kartu dimulai.,,,,,,"[""id""]"
solitaire-tripeaks:daily:id:t17,TRUE,TRUE,,Dosis serumu hari ini.,,,,,,"[""id""]"
solitaire-tripeaks:daily:id:t18,TRUE,TRUE,,Siap naik level.,,,,,,"[""id""]"
solitaire-tripeaks:daily:id:t19,TRUE,TRUE,,"Hari baru, kartu baru.",,,,,,"[""id""]"
solitaire-tripeaks:daily:id:t20,TRUE,TRUE,,Bikin hari ini luar biasa.,,,,,,"[""id""]"
solitaire-tripeaks:new-map:id:t1,TRUE,TRUE,,Peta baru menunggumu.,,,,,,"[""id""]"
solitaire-tripeaks:new-map:id:t2,TRUE,TRUE,,Kartu baru sudah dibagikan.,,,,,,"[""id""]"
solitaire-tripeaks:new-map:id:t3,TRUE,TRUE,,Peta baru terbuka - main sekarang.,,,,,,"[""id""]"
solitaire-tripeaks:new-map:id:t4,TRUE,TRUE,,Jelajahi peta baru hari ini.,,,,,,"[""id""]"
solitaire-tripeaks:new-map:id:t5,TRUE,TRUE,,Petualangan baru menanti.,,,,,,"[""id""]"
solitaire-tripeaks:new-map:id:t6,TRUE,TRUE,,Pemberitahuan peta baru.,,,,,,"[""id""]"
solitaire-tripeaks:new-map:id:t7,TRUE,TRUE,,Peta selanjutnya sudah siap.,,,,,,"[""id""]"
solitaire-tripeaks:new-map:id:t8,TRUE,TRUE,,Ada yang baru untuk ditemukan.,,,,,,"[""id""]"
solitaire-tripeaks:new-map:id:t9,TRUE,TRUE,,Level baru baru saja hadir.,,,,,,"[""id""]"
solitaire-tripeaks:new-map:id:t10,TRUE,TRUE,,Siap tantangan baru.,,,,,,"[""id""]"
solitaire-tripeaks:new-map:id:t11,TRUE,TRUE,,Ada peta baru yang menakjubkan.,,,,,,"[""id""]"
solitaire-tripeaks:new-map:id:t12,TRUE,TRUE,,"Kartu baru, petualangan baru.",,,,,,"[""id""]"
solitaire-tripeaks:new-map:id:t13,TRUE,TRUE,,Peta baru baru saja terbuka.,,,,,,"[""id""]"
solitaire-tripeaks:new-map:id:t14,TRUE,TRUE,,Perjalanan berikutnya dimulai.,,,,,,"[""id""]"
solitaire-tripeaks:new-map:id:t15,TRUE,TRUE,,Peta baru tersedia sekarang.,,,,,,"[""id""]"
solitaire-tripeaks:new-map:id:t16,TRUE,TRUE,,Peta baru menunggumu.,,,,,,"[""id""]"
solitaire-tripeaks:new-map:id:t17,TRUE,TRUE,,Naik level dengan peta baru ini.,,,,,,"[""id""]"
solitaire-tripeaks:new-map:id:t18,TRUE,TRUE,,Tujuan baru terbuka.,,,,,,"[""id""]"
solitaire-tripeaks:new-map:id:t19,TRUE,TRUE,,"Peta baru, kemungkinan baru.",,,,,,"[""id""]"
solitaire-tripeaks:new-map:id:t20,TRUE,TRUE,,Mulai peta barumu sekarang.,,,,,,"[""id""]"
solitaire-tripeaks:idle-gold:id:t1,TRUE,TRUE,,Emasmu sudah siap. Ayo ambil.,,,,,,"[""id""]"
solitaire-tripeaks:idle-gold:id:t2,TRUE,TRUE,,Emas idle menunggu - kembali ke game.,,,,,,"[""id""]"
solitaire-tripeaks:idle-gold:id:t3,TRUE,TRUE,,Stok emasmu penuh. Ambil sekarang.,,,,,,"[""id""]"
solitaire-tripeaks:idle-gold:id:t4,TRUE,TRUE,,Waktunya bermain. Emasmu siap.,,,,,,"[""id""]"
solitaire-tripeaks:idle-gold:id:t5,TRUE,TRUE,,Kembalilah. Emas terus bertambah.,,,,,,"[""id""]"
solitaire-tripeaks:idle-gold:id:t6,TRUE,TRUE,,Emasmu meluap. Ambil sekarang.,,,,,,"[""id""]"
solitaire-tripeaks:idle-gold:id:t7,TRUE,TRUE,,Pemberitahuan emas. Ayo kumpulkan stokmu.,,,,,,"[""id""]"
solitaire-tripeaks:idle-gold:id:t8,TRUE,TRUE,,Kembali dan kumpulkan emasmu.,,,,,,"[""id""]"
solitaire-tripeaks:idle-gold:id:t9,TRUE,TRUE,,Hadiahmu sudah siap. Kembali dan main.,,,,,,"[""id""]"
solitaire-tripeaks:idle-gold:id:t10,TRUE,TRUE,,Emas terbuka. Lihat berapa banyak.,,,,,,"[""id""]"
solitaire-tripeaks:idle-gold:id:t11,TRUE,TRUE,,Kembali untuk hadiah emasmu.,,,,,,"[""id""]"
solitaire-tripeaks:idle-gold:id:t12,TRUE,TRUE,,Emasmu tak akan menunggu. Masuk cepat.,,,,,,"[""id""]"
solitaire-tripeaks:idle-gold:id:t13,TRUE,TRUE,,Sesuatu yang berkilau menanti. Ayo main.,,,,,,"[""id""]"
solitaire-tripeaks:idle-gold:id:t14,TRUE,TRUE,,Ambil emasmu sebelum berhenti.,,,,,,"[""id""]"
solitaire-tripeaks:idle-gold:id:t15,TRUE,TRUE,,Emas siap. Kembali sekarang.,,,,,,"[""id""]"
solitaire-tripeaks:idle-gold:id:t16,TRUE,TRUE,,Stok emasmu meluap. Ayo main.,,,,,,"[""id""]"
solitaire-tripeaks:idle-gold:id:t17,TRUE,TRUE,,Masuk. Emasmu perlu dikumpulkan.,,,,,,"[""id""]"
solitaire-tripeaks:idle-gold:id:t18,TRUE,TRUE,,Kembalilah. Emasmu menunggu.,,,,,,"[""id""]"
solitaire-tripeaks:idle-gold:id:t19,TRUE,TRUE,,Waktu emas. Lompat ke game.,,,,,,"[""id""]"
solitaire-tripeaks:idle-gold:id:t20,TRUE,TRUE,,Hadiah emasmu ada di sini. Ayo main.,,,,,,"[""id""]"
solitaire-tripeaks:friend-joined:id:t1,TRUE,TRUE,,Temanmu baru saja bergabung.,,,,,,"[""id""]"
solitaire-tripeaks:friend-joined:id:t2,TRUE,TRUE,,Saatnya main bareng.,,,,,,"[""id""]"
solitaire-tripeaks:friend-joined:id:t3,TRUE,TRUE,,Tantang temanmu sekarang.,,,,,,"[""id""]"
solitaire-tripeaks:friend-joined:id:t4,TRUE,TRUE,,Temanmu sudah di meja.,,,,,,"[""id""]"
solitaire-tripeaks:friend-joined:id:t5,TRUE,TRUE,,Keseruan dobel menanti.,,,,,,"[""id""]"
solitaire-tripeaks:friend-joined:id:t6,TRUE,TRUE,,Mode teman terbuka.,,,,,,"[""id""]"
solitaire-tripeaks:friend-joined:id:t7,TRUE,TRUE,,Ayo main tim.,,,,,,"[""id""]"
solitaire-tripeaks:friend-joined:id:t8,TRUE,TRUE,,Temanmu mau main.,,,,,,"[""id""]"
solitaire-tripeaks:friend-joined:id:t9,TRUE,TRUE,,Level persahabatan aktif.,,,,,,"[""id""]"
solitaire-tripeaks:friend-joined:id:t10,TRUE,TRUE,,"Dua pemain, dua kali seru.",,,,,,"[""id""]"
solitaire-tripeaks:friend-joined:id:t11,TRUE,TRUE,,Temanmu menerima tantangan.,,,,,,"[""id""]"
solitaire-tripeaks:friend-joined:id:t12,TRUE,TRUE,,Teman mainmu sudah datang.,,,,,,"[""id""]"
solitaire-tripeaks:friend-joined:id:t13,TRUE,TRUE,,Mode teman lawan aktif.,,,,,,"[""id""]"
solitaire-tripeaks:friend-joined:id:t14,TRUE,TRUE,,Main bareng sekarang.,,,,,,"[""id""]"
solitaire-tripeaks:friend-joined:id:t15,TRUE,TRUE,,Temanmu sudah siap.,,,,,,"[""id""]"
solitaire-tripeaks:friend-joined:id:t16,TRUE,TRUE,,Tantangan duo dimulai.,,,,,,"[""id""]"
solitaire-tripeaks:friend-joined:id:t17,TRUE,TRUE,,Teman main lebih seru bareng.,,,,,,"[""id""]"
solitaire-tripeaks:friend-joined:id:t18,TRUE,TRUE,,Partnermu sudah di meja.,,,,,,"[""id""]"
solitaire-tripeaks:friend-joined:id:t19,TRUE,TRUE,,Gabung tim dan kuasai.,,,,,,"[""id""]"
solitaire-tripeaks:friend-joined:id:t20,TRUE,TRUE,,Tantangan teman terbuka.,,,,,,"[""id""]"
solitaire-tripeaks:daily:ru:t1,TRUE,TRUE,,Вернись и играй сегодня.,,,,,,"[""ru""]"
solitaire-tripeaks:daily:ru:t2,TRUE,TRUE,,Твои карты ждут.,,,,,,"[""ru""]"
solitaire-tripeaks:daily:ru:t3,TRUE,TRUE,,Готов к карте дня.,,,,,,"[""ru""]"
solitaire-tripeaks:daily:ru:t4,TRUE,TRUE,,Проверь свою ежедневную серию.,,,,,,"[""ru""]"
solitaire-tripeaks:daily:ru:t5,TRUE,TRUE,,Мы скучали вчера.,,,,,,"[""ru""]"
solitaire-tripeaks:daily:ru:t6,TRUE,TRUE,,Время веселиться с картами.,,,,,,"[""ru""]"
solitaire-tripeaks:daily:ru:t7,TRUE,TRUE,,Твои ежедневные награды ждут.,,,,,,"[""ru""]"
solitaire-tripeaks:daily:ru:t8,TRUE,TRUE,,Давай расчистим карты.,,,,,,"[""ru""]"
solitaire-tripeaks:daily:ru:t9,TRUE,TRUE,,Карта дня готова.,,,,,,"[""ru""]"
solitaire-tripeaks:daily:ru:t10,TRUE,TRUE,,Не пропусти бонус дня.,,,,,,"[""ru""]"
solitaire-tripeaks:daily:ru:t11,TRUE,TRUE,,Твой звёздный час.,,,,,,"[""ru""]"
solitaire-tripeaks:daily:ru:t12,TRUE,TRUE,,Новая карта — новые эмоции.,,,,,,"[""ru""]"
solitaire-tripeaks:daily:ru:t13,TRUE,TRUE,,Ежедневный челлендж открыт.,,,,,,"[""ru""]"
solitaire-tripeaks:daily:ru:t14,TRUE,TRUE,,Играй с нами.,,,,,,"[""ru""]"
solitaire-tripeaks:daily:ru:t15,TRUE,TRUE,,Сегодняшний уровень ждёт.,,,,,,"[""ru""]"
solitaire-tripeaks:daily:ru:t16,TRUE,TRUE,,Вечеринка карт началась.,,,,,,"[""ru""]"
solitaire-tripeaks:daily:ru:t17,TRUE,TRUE,,Твоя порция веселья дня.,,,,,,"[""ru""]"
solitaire-tripeaks:daily:ru:t18,TRUE,TRUE,,Готов повысить уровень.,,,,,,"[""ru""]"
solitaire-tripeaks:daily:ru:t19,TRUE,TRUE,,Новый день — новые карты.,,,,,,"[""ru""]"
solitaire-tripeaks:daily:ru:t20,TRUE,TRUE,,Сделаем этот день крутым.,,,,,,"[""ru""]"
solitaire-tripeaks:new-map:ru:t1,TRUE,TRUE,,Новая карта ждёт тебя.,,,,,,"[""ru""]"
solitaire-tripeaks:new-map:ru:t2,TRUE,TRUE,,Свежие карты розданы.,,,,,,"[""ru""]"
solitaire-tripeaks:new-map:ru:t3,TRUE,TRUE,,Новая карта открыта - играй сейчас.,,,,,,"[""ru""]"
solitaire-tripeaks:new-map:ru:t4,TRUE,TRUE,,Исследуй новую карту сегодня.,,,,,,"[""ru""]"
solitaire-tripeaks:new-map:ru:t5,TRUE,TRUE,,Новое приключение ждёт.,,,,,,"[""ru""]"
solitaire-tripeaks:new-map:ru:t6,TRUE,TRUE,,Оповещение о новой карте.,,,,,,"[""ru""]"
solitaire-tripeaks:new-map:ru:t7,TRUE,TRUE,,Следующая карта готова.,,,,,,"[""ru""]"
solitaire-tripeaks:new-map:ru:t8,TRUE,TRUE,,Есть что-то новое для открытия.,,,,,,"[""ru""]"
solitaire-tripeaks:new-map:ru:t9,TRUE,TRUE,,Новый уровень только что появился.,,,,,,"[""ru""]"
solitaire-tripeaks:new-map:ru:t10,TRUE,TRUE,,Готов к новому вызову.,,,,,,"[""ru""]"
solitaire-tripeaks:new-map:ru:t11,TRUE,TRUE,,Потрясающая новая карта здесь.,,,,,,"[""ru""]"
solitaire-tripeaks:new-map:ru:t12,TRUE,TRUE,,Новые карты — новое приключение.,,,,,,"[""ru""]"
solitaire-tripeaks:new-map:ru:t13,TRUE,TRUE,,Новая карта только что открылась.,,,,,,"[""ru""]"
solitaire-tripeaks:new-map:ru:t14,TRUE,TRUE,,Следующее путешествие начинается.,,,,,,"[""ru""]"
solitaire-tripeaks:new-map:ru:t15,TRUE,TRUE,,Новая карта доступна сейчас.,,,,,,"[""ru""]"
solitaire-tripeaks:new-map:ru:t16,TRUE,TRUE,,Новая карта ждёт тебя.,,,,,,"[""ru""]"
solitaire-tripeaks:new-map:ru:t17,TRUE,TRUE,,Повышай уровень с новой картой.,,,,,,"[""ru""]"
solitaire-tripeaks:new-map:ru:t18,TRUE,TRUE,,Новый пункт назначения открыт.,,,,,,"[""ru""]"
solitaire-tripeaks:new-map:ru:t19,TRUE,TRUE,,Новая карта — новые возможности.,,,,,,"[""ru""]"
solitaire-tripeaks:new-map:ru:t20,TRUE,TRUE,,Начни свою новую карту сейчас.,,,,,,"[""ru""]"
solitaire-tripeaks:idle-gold:ru:t1,TRUE,TRUE,,Твоё золото готово. Забирай.,,,,,,"[""ru""]"
solitaire-tripeaks:idle-gold:ru:t2,TRUE,TRUE,,Золото простоя ждёт - возвращайся в игру.,,,,,,"[""ru""]"
solitaire-tripeaks:idle-gold:ru:t3,TRUE,TRUE,,Твой запас золота полон. Бери.,,,,,,"[""ru""]"
solitaire-tripeaks:idle-gold:ru:t4,TRUE,TRUE,,Время играть. Твоё золото готово.,,,,,,"[""ru""]"
solitaire-tripeaks:idle-gold:ru:t5,TRUE,TRUE,,Возвращайся. Золото копится.,,,,,,"[""ru""]"
solitaire-tripeaks:idle-gold:ru:t6,TRUE,TRUE,,Твоё золото переполнено. Забирай сейчас.,,,,,,"[""ru""]"
solitaire-tripeaks:idle-gold:ru:t7,TRUE,TRUE,,Оповещение о золоте. Забирай свой запас.,,,,,,"[""ru""]"
solitaire-tripeaks:idle-gold:ru:t8,TRUE,TRUE,,Возвращайся и собирай золото.,,,,,,"[""ru""]"
solitaire-tripeaks:idle-gold:ru:t9,TRUE,TRUE,,Твоя награда готова. Возвращайся и играй.,,,,,,"[""ru""]"
solitaire-tripeaks:idle-gold:ru:t10,TRUE,TRUE,,Золото открыто. Посмотри сколько.,,,,,,"[""ru""]"
solitaire-tripeaks:idle-gold:ru:t11,TRUE,TRUE,,Возвращайся за золотой наградой.,,,,,,"[""ru""]"
solitaire-tripeaks:idle-gold:ru:t12,TRUE,TRUE,,Твоё золото не будет ждать. Заходи быстрее.,,,,,,"[""ru""]"
solitaire-tripeaks:idle-gold:ru:t13,TRUE,TRUE,,Что-то золотое ждёт. Заходи играть.,,,,,,"[""ru""]"
solitaire-tripeaks:idle-gold:ru:t14,TRUE,TRUE,,Забирай золото пока не остановилось.,,,,,,"[""ru""]"
solitaire-tripeaks:idle-gold:ru:t15,TRUE,TRUE,,Золото готово. Возвращайся сейчас.,,,,,,"[""ru""]"
solitaire-tripeaks:idle-gold:ru:t16,TRUE,TRUE,,Твой запас золота переполнен. Заходи играть.,,,,,,"[""ru""]"
solitaire-tripeaks:idle-gold:ru:t17,TRUE,TRUE,,Заходи. Твоё золото нужно собрать.,,,,,,"[""ru""]"
solitaire-tripeaks:idle-gold:ru:t18,TRUE,TRUE,,Возвращайся. Твоё золото ждёт.,,,,,,"[""ru""]"
solitaire-tripeaks:idle-gold:ru:t19,TRUE,TRUE,,Время золота. Прыгай в игру.,,,,,,"[""ru""]"
solitaire-tripeaks:idle-gold:ru:t20,TRUE,TRUE,,Твоя золотая награда здесь. Заходи играть.,,,,,,"[""ru""]"
solitaire-tripeaks:friend-joined:ru:t1,TRUE,TRUE,,Твой друг присоединился.,,,,,,"[""ru""]"
solitaire-tripeaks:friend-joined:ru:t2,TRUE,TRUE,,Время играть вместе.,,,,,,"[""ru""]"
solitaire-tripeaks:friend-joined:ru:t3,TRUE,TRUE,,Вызови друга на бой.,,,,,,"[""ru""]"
solitaire-tripeaks:friend-joined:ru:t4,TRUE,TRUE,,Твой товарищ за столом.,,,,,,"[""ru""]"
solitaire-tripeaks:friend-joined:ru:t5,TRUE,TRUE,,Двойное веселье ждёт тебя.,,,,,,"[""ru""]"
solitaire-tripeaks:friend-joined:ru:t6,TRUE,TRUE,,Режим друга открыт.,,,,,,"[""ru""]"
solitaire-tripeaks:friend-joined:ru:t7,TRUE,TRUE,,Давай играть как команда.,,,,,,"[""ru""]"
solitaire-tripeaks:friend-joined:ru:t8,TRUE,TRUE,,Друг хочет поиграть.,,,,,,"[""ru""]"
solitaire-tripeaks:friend-joined:ru:t9,TRUE,TRUE,,Уровень дружбы активирован.,,,,,,"[""ru""]"
solitaire-tripeaks:friend-joined:ru:t10,TRUE,TRUE,,Два игрока — двойное веселье.,,,,,,"[""ru""]"
solitaire-tripeaks:friend-joined:ru:t11,TRUE,TRUE,,Друг принял вызов.,,,,,,"[""ru""]"
solitaire-tripeaks:friend-joined:ru:t12,TRUE,TRUE,,Твой напарник прибыл.,,,,,,"[""ru""]"
solitaire-tripeaks:friend-joined:ru:t13,TRUE,TRUE,,Режим друг против друга включен.,,,,,,"[""ru""]"
solitaire-tripeaks:friend-joined:ru:t14,TRUE,TRUE,,Играйте вместе прямо сейчас.,,,,,,"[""ru""]"
solitaire-tripeaks:friend-joined:ru:t15,TRUE,TRUE,,Друг готов.,,,,,,"[""ru""]"
solitaire-tripeaks:friend-joined:ru:t16,TRUE,TRUE,,Дуэль начинается.,,,,,,"[""ru""]"
solitaire-tripeaks:friend-joined:ru:t17,TRUE,TRUE,,Друзья играют лучше вместе.,,,,,,"[""ru""]"
solitaire-tripeaks:friend-joined:ru:t18,TRUE,TRUE,,Напарник за столом.,,,,,,"[""ru""]"
solitaire-tripeaks:friend-joined:ru:t19,TRUE,TRUE,,Объединяйтесь и побеждайте.,,,,,,"[""ru""]"
solitaire-tripeaks:friend-joined:ru:t20,TRUE,TRUE,,Доступен дружеский вызов.,,,,,,"[""ru""]"
solitaire-tripeaks:daily:fr:t1,TRUE,TRUE,,Reviens jouer aujourd'hui .,,,,,,"[""fr""]"
solitaire-tripeaks:daily:fr:t2,TRUE,TRUE,,Tes cartes t'attendent .,,,,,,"[""fr""]"
solitaire-tripeaks:daily:fr:t3,TRUE,TRUE,,Prêt pour la carte du jour .,,,,,,"[""fr""]"
solitaire-tripeaks:daily:fr:t4,TRUE,TRUE,,Vérifie ta série quotidienne .,,,,,,"[""fr""]"
solitaire-tripeaks:daily:fr:t5,TRUE,TRUE,,Tu nous as manqué hier .,,,,,,"[""fr""]"
solitaire-tripeaks:daily:fr:t6,TRUE,TRUE,,C'est l'heure de s'amuser avec les cartes .,,,,,,"[""fr""]"
solitaire-tripeaks:daily:fr:t7,TRUE,TRUE,,Tes récompenses t'attendent .,,,,,,"[""fr""]"
solitaire-tripeaks:daily:fr:t8,TRUE,TRUE,,Allez, on nettoie les cartes .,,,,,,"[""fr""]"
solitaire-tripeaks:daily:fr:t9,TRUE,TRUE,,La carte du jour est prête .,,,,,,"[""fr""]"
solitaire-tripeaks:daily:fr:t10,TRUE,TRUE,,Ne rate pas le bonus du jour .,,,,,,"[""fr""]"
solitaire-tripeaks:daily:fr:t11,TRUE,TRUE,,À ton tour de briller .,,,,,,"[""fr""]"
solitaire-tripeaks:daily:fr:t12,TRUE,TRUE,,"Nouvelle carte, nouveau fun .",,,,,,"[""fr""]"
solitaire-tripeaks:daily:fr:t13,TRUE,TRUE,,Défi du jour débloqué .,,,,,,"[""fr""]"
solitaire-tripeaks:daily:fr:t14,TRUE,TRUE,,Viens jouer avec nous .,,,,,,"[""fr""]"
solitaire-tripeaks:daily:fr:t15,TRUE,TRUE,,Ton niveau du jour t'attend .,,,,,,"[""fr""]"
solitaire-tripeaks:daily:fr:t16,TRUE,TRUE,,La fête des cartes commence .,,,,,,"[""fr""]"
solitaire-tripeaks:daily:fr:t17,TRUE,TRUE,,Ta dose fun du jour .,,,,,,"[""fr""]"
solitaire-tripeaks:daily:fr:t18,TRUE,TRUE,,Prêt à monter de niveau .,,,,,,"[""fr""]"
solitaire-tripeaks:daily:fr:t19,TRUE,TRUE,,"Nouveau jour, nouvelles cartes .",,,,,,"[""fr""]"
solitaire-tripeaks:daily:fr:t20,TRUE,TRUE,,Rendons ce jour épique .,,,,,,"[""fr""]"
solitaire-tripeaks:new-map:fr:t1,TRUE,TRUE,,Une nouvelle carte t'attend .,,,,,,"[""fr""]"
solitaire-tripeaks:new-map:fr:t2,TRUE,TRUE,,De nouvelles cartes ont été distribuées .,,,,,,"[""fr""]"
solitaire-tripeaks:new-map:fr:t3,TRUE,TRUE,,Nouvelle carte débloquée - joue maintenant .,,,,,,"[""fr""]"
solitaire-tripeaks:new-map:fr:t4,TRUE,TRUE,,Explore la nouvelle carte aujourd'hui .,,,,,,"[""fr""]"
solitaire-tripeaks:new-map:fr:t5,TRUE,TRUE,,Une nouvelle aventure t'attend .,,,,,,"[""fr""]"
solitaire-tripeaks:new-map:fr:t6,TRUE,TRUE,,Alerte nouvelle carte .,,,,,,"[""fr""]"
solitaire-tripeaks:new-map:fr:t7,TRUE,TRUE,,Ta prochaine carte est prête .,,,,,,"[""fr""]"
solitaire-tripeaks:new-map:fr:t8,TRUE,TRUE,,Quelque chose de nouveau à découvrir .,,,,,,"[""fr""]"
solitaire-tripeaks:new-map:fr:t9,TRUE,TRUE,,Nouveau niveau vient d'arriver .,,,,,,"[""fr""]"
solitaire-tripeaks:new-map:fr:t10,TRUE,TRUE,,Prêt pour un nouveau défi .,,,,,,"[""fr""]"
solitaire-tripeaks:new-map:fr:t11,TRUE,TRUE,,Une toute nouvelle carte est là .,,,,,,"[""fr""]"
solitaire-tripeaks:new-map:fr:t12,TRUE,TRUE,,"Nouvelles cartes, nouvelle aventure .",,,,,,"[""fr""]"
solitaire-tripeaks:new-map:fr:t13,TRUE,TRUE,,Nouvelle carte vient d'être débloquée .,,,,,,"[""fr""]"
solitaire-tripeaks:new-map:fr:t14,TRUE,TRUE,,Ton prochain voyage commence .,,,,,,"[""fr""]"
solitaire-tripeaks:new-map:fr:t15,TRUE,TRUE,,Nouvelle carte disponible maintenant .,,,,,,"[""fr""]"
solitaire-tripeaks:new-map:fr:t16,TRUE,TRUE,,Une nouvelle carte t'attend .,,,,,,"[""fr""]"
solitaire-tripeaks:new-map:fr:t17,TRUE,TRUE,,Monte de niveau avec cette nouvelle carte .,,,,,,"[""fr""]"
solitaire-tripeaks:new-map:fr:t18,TRUE,TRUE,,Nouvelle destination débloquée .,,,,,,"[""fr""]"
solitaire-tripeaks:new-map:fr:t19,TRUE,TRUE,,"Nouvelle carte, nouvelles possibilités .",,,,,,"[""fr""]"
solitaire-tripeaks:new-map:fr:t20,TRUE,TRUE,,Commence ta nouvelle carte maintenant .,,,,,,"[""fr""]"
solitaire-tripeaks:idle-gold:fr:t1,TRUE,TRUE,,Ton or est prêt . Viens le récupérer .,,,,,,"[""fr""]"
solitaire-tripeaks:idle-gold:fr:t2,TRUE,TRUE,,Or inactif en attente - reviens au jeu .,,,,,,"[""fr""]"
solitaire-tripeaks:idle-gold:fr:t3,TRUE,TRUE,,Ton stock d'or est plein . Prends-le .,,,,,,"[""fr""]"
solitaire-tripeaks:idle-gold:fr:t4,TRUE,TRUE,,C'est l'heure de jouer . Ton or est prêt .,,,,,,"[""fr""]"
solitaire-tripeaks:idle-gold:fr:t5,TRUE,TRUE,,Reviens . L'or s'accumule .,,,,,,"[""fr""]"
solitaire-tripeaks:idle-gold:fr:t6,TRUE,TRUE,,Ton or déborde . Récupère-le maintenant .,,,,,,"[""fr""]"
solitaire-tripeaks:idle-gold:fr:t7,TRUE,TRUE,,Alerte or . Viens récupérer ton stock .,,,,,,"[""fr""]"
solitaire-tripeaks:idle-gold:fr:t8,TRUE,TRUE,,Reviens et collecte ton or .,,,,,,"[""fr""]"
solitaire-tripeaks:idle-gold:fr:t9,TRUE,TRUE,,Ta récompense est prête . Reviens et joue .,,,,,,"[""fr""]"
solitaire-tripeaks:idle-gold:fr:t10,TRUE,TRUE,,Or débloqué . Viens voir combien tu as .,,,,,,"[""fr""]"
solitaire-tripeaks:idle-gold:fr:t11,TRUE,TRUE,,Reviens pour ta récompense dorée .,,,,,,"[""fr""]"
solitaire-tripeaks:idle-gold:fr:t12,TRUE,TRUE,,Ton or n'attendra pas . Entre vite .,,,,,,"[""fr""]"
solitaire-tripeaks:idle-gold:fr:t13,TRUE,TRUE,,Quelque chose de doré t'attend . Viens jouer .,,,,,,"[""fr""]"
solitaire-tripeaks:idle-gold:fr:t14,TRUE,TRUE,,Récupère ton or avant que ça s'arrête .,,,,,,"[""fr""]"
solitaire-tripeaks:idle-gold:fr:t15,TRUE,TRUE,,Or prêt . Reviens maintenant .,,,,,,"[""fr""]"
solitaire-tripeaks:idle-gold:fr:t16,TRUE,TRUE,,Ton stock d'or déborde . Viens jouer .,,,,,,"[""fr""]"
solitaire-tripeaks:idle-gold:fr:t17,TRUE,TRUE,,Entre . Ton or doit être collecté .,,,,,,"[""fr""]"
solitaire-tripeaks:idle-gold:fr:t18,TRUE,TRUE,,Reviens . Ton or t'attend .,,,,,,"[""fr""]"
solitaire-tripeaks:idle-gold:fr:t19,TRUE,TRUE,,C'est l'heure de l'or . Saute dans le jeu .,,,,,,"[""fr""]"
solitaire-tripeaks:idle-gold:fr:t20,TRUE,TRUE,,Ta récompense dorée est là . Viens jouer .,,,,,,"[""fr""]"
solitaire-tripeaks:friend-joined:fr:t1,TRUE,TRUE,,Ton ami vient de rejoindre .,,,,,,"[""fr""]"
solitaire-tripeaks:friend-joined:fr:t2,TRUE,TRUE,,Il est temps de jouer ensemble .,,,,,,"[""fr""]"
solitaire-tripeaks:friend-joined:fr:t3,TRUE,TRUE,,Défie ton ami maintenant .,,,,,,"[""fr""]"
solitaire-tripeaks:friend-joined:fr:t4,TRUE,TRUE,,Ton pote est à la table .,,,,,,"[""fr""]"
solitaire-tripeaks:friend-joined:fr:t5,TRUE,TRUE,,Double fun t'attend .,,,,,,"[""fr""]"
solitaire-tripeaks:friend-joined:fr:t6,TRUE,TRUE,,Mode ami débloqué .,,,,,,"[""fr""]"
solitaire-tripeaks:friend-joined:fr:t7,TRUE,TRUE,,Jouons en équipe .,,,,,,"[""fr""]"
solitaire-tripeaks:friend-joined:fr:t8,TRUE,TRUE,,Ton ami veut jouer .,,,,,,"[""fr""]"
solitaire-tripeaks:friend-joined:fr:t9,TRUE,TRUE,,Niveau d'amitié activé .,,,,,,"[""fr""]"
solitaire-tripeaks:friend-joined:fr:t10,TRUE,TRUE,,"Deux joueurs, deux fois plus de fun .",,,,,,"[""fr""]"
solitaire-tripeaks:friend-joined:fr:t11,TRUE,TRUE,,Ton ami a relevé le défi .,,,,,,"[""fr""]"
solitaire-tripeaks:friend-joined:fr:t12,TRUE,TRUE,,Ton pote de jeu est arrivé .,,,,,,"[""fr""]"
solitaire-tripeaks:friend-joined:fr:t13,TRUE,TRUE,,Mode ami contre ami activé .,,,,,,"[""fr""]"
solitaire-tripeaks:friend-joined:fr:t14,TRUE,TRUE,,Jouez ensemble maintenant .,,,,,,"[""fr""]"
solitaire-tripeaks:friend-joined:fr:t15,TRUE,TRUE,,Ton ami est prêt .,,,,,,"[""fr""]"
solitaire-tripeaks:friend-joined:fr:t16,TRUE,TRUE,,Défi en duo lancé .,,,,,,"[""fr""]"
solitaire-tripeaks:friend-joined:fr:t17,TRUE,TRUE,,Les amis jouent mieux ensemble .,,,,,,"[""fr""]"
solitaire-tripeaks:friend-joined:fr:t18,TRUE,TRUE,,Ton partenaire est à la table .,,,,,,"[""fr""]"
solitaire-tripeaks:friend-joined:fr:t19,TRUE,TRUE,,Formez une équipe et dominez .,,,,,,"[""fr""]"
solitaire-tripeaks:friend-joined:fr:t20,TRUE,TRUE,,Défi d'ami débloqué .,,,,,,"[""fr""]"
solitaire-tripeaks:daily:th:t1,TRUE,TRUE,,กลับมาเล่นวันนี้เลย.,,,,,,"[""th""]"
solitaire-tripeaks:daily:th:t2,TRUE,TRUE,,ไพ่ของคุณรออยู่.,,,,,,"[""th""]"
solitaire-tripeaks:daily:th:t3,TRUE,TRUE,,พร้อมลุยกับแผนที่วันนี้ไหม.,,,,,,"[""th""]"
solitaire-tripeaks:daily:th:t4,TRUE,TRUE,,เช็กสตรีคประจำวันของคุณ.,,,,,,"[""th""]"
solitaire-tripeaks:daily:th:t5,TRUE,TRUE,,เมื่อวานคุณหายไปนะ.,,,,,,"[""th""]"
solitaire-tripeaks:daily:th:t6,TRUE,TRUE,,ได้เวลาสนุกกับไพ่แล้ว.,,,,,,"[""th""]"
solitaire-tripeaks:daily:th:t7,TRUE,TRUE,,รางวัลประจำวันของคุณรออยู่.,,,,,,"[""th""]"
solitaire-tripeaks:daily:th:t8,TRUE,TRUE,,มาเคลียร์ไพ่กันเถอะ.,,,,,,"[""th""]"
solitaire-tripeaks:daily:th:t9,TRUE,TRUE,,แผนที่ของวันนี้พร้อมแล้ว.,,,,,,"[""th""]"
solitaire-tripeaks:daily:th:t10,TRUE,TRUE,,อย่าพลาดโบนัสวันนี้นะ.,,,,,,"[""th""]"
solitaire-tripeaks:daily:th:t11,TRUE,TRUE,,ถึงเวลาของคุณแล้ว.,,,,,,"[""th""]"
solitaire-tripeaks:daily:th:t12,TRUE,TRUE,,แผนที่ใหม่ สนุกใหม่.,,,,,,"[""th""]"
solitaire-tripeaks:daily:th:t13,TRUE,TRUE,,ปลดล็อกภารกิจรายวันแล้ว.,,,,,,"[""th""]"
solitaire-tripeaks:daily:th:t14,TRUE,TRUE,,มาเล่นด้วยกันเถอะ.,,,,,,"[""th""]"
solitaire-tripeaks:daily:th:t15,TRUE,TRUE,,เลเวลของวันนี้รออยู่.,,,,,,"[""th""]"
solitaire-tripeaks:daily:th:t16,TRUE,TRUE,,ปาร์ตี้ไพ่เริ่มแล้ว.,,,,,,"[""th""]"
solitaire-tripeaks:daily:th:t17,TRUE,TRUE,,ความสนุกประจำวันของคุณ.,,,,,,"[""th""]"
solitaire-tripeaks:daily:th:t18,TRUE,TRUE,,พร้อมอัปเลเวลหรือยัง.,,,,,,"[""th""]"
solitaire-tripeaks:daily:th:t19,TRUE,TRUE,,วันใหม่ ไพ่ใหม่.,,,,,,"[""th""]"
solitaire-tripeaks:daily:th:t20,TRUE,TRUE,,มาทำให้วันนี้สุดยอดกันเถอะ.,,,,,,"[""th""]"
solitaire-tripeaks:new-map:th:t1,TRUE,TRUE,,มีแผนที่ใหม่รอคุณอยู่.,,,,,,"[""th""]"
solitaire-tripeaks:new-map:th:t2,TRUE,TRUE,,แจกไพ่ใหม่แล้ว.,,,,,,"[""th""]"
solitaire-tripeaks:new-map:th:t3,TRUE,TRUE,,ปลดล็อกแผนที่ใหม่แล้ว - เล่นเลย.,,,,,,"[""th""]"
solitaire-tripeaks:new-map:th:t4,TRUE,TRUE,,สำรวจแผนที่ใหม่วันนี้.,,,,,,"[""th""]"
solitaire-tripeaks:new-map:th:t5,TRUE,TRUE,,การผจญภัยใหม่กำลังรอ.,,,,,,"[""th""]"
solitaire-tripeaks:new-map:th:t6,TRUE,TRUE,,แจ้งเตือน แผนที่ใหม่.,,,,,,"[""th""]"
solitaire-tripeaks:new-map:th:t7,TRUE,TRUE,,แผนที่ถัดไปพร้อมแล้ว.,,,,,,"[""th""]"
solitaire-tripeaks:new-map:th:t8,TRUE,TRUE,,มีสิ่งใหม่ให้ค้นพบ.,,,,,,"[""th""]"
solitaire-tripeaks:new-map:th:t9,TRUE,TRUE,,เลเวลใหม่มาถึงแล้ว.,,,,,,"[""th""]"
solitaire-tripeaks:new-map:th:t10,TRUE,TRUE,,พร้อมรับความท้าใหม่ไหม.,,,,,,"[""th""]"
solitaire-tripeaks:new-map:th:t11,TRUE,TRUE,,มีแผนที่ใหม่สุดเจ๋งมาแล้ว.,,,,,,"[""th""]"
solitaire-tripeaks:new-map:th:t12,TRUE,TRUE,,ไพ่ใหม่ การผจญภัยใหม่.,,,,,,"[""th""]"
solitaire-tripeaks:new-map:th:t13,TRUE,TRUE,,แผนที่ใหม่เพิ่งปลดล็อก.,,,,,,"[""th""]"
solitaire-tripeaks:new-map:th:t14,TRUE,TRUE,,การเดินทางครั้งต่อไปเริ่มแล้ว.,,,,,,"[""th""]"
solitaire-tripeaks:new-map:th:t15,TRUE,TRUE,,มีแผนที่ใหม่ให้เล่นแล้ว.,,,,,,"[""th""]"
solitaire-tripeaks:new-map:th:t16,TRUE,TRUE,,แผนที่ใหม่รอคุณอยู่.,,,,,,"[""th""]"
solitaire-tripeaks:new-map:th:t17,TRUE,TRUE,,อัปเลเวลด้วยแผนที่ใหม่นี้.,,,,,,"[""th""]"
solitaire-tripeaks:new-map:th:t18,TRUE,TRUE,,ปลดล็อกจุดหมายใหม่แล้ว.,,,,,,"[""th""]"
solitaire-tripeaks:new-map:th:t19,TRUE,TRUE,,แผนที่ใหม่ โอกาสใหม่.,,,,,,"[""th""]"
solitaire-tripeaks:new-map:th:t20,TRUE,TRUE,,เริ่มแผนที่ใหม่ของคุณเดี๋ยวนี้.,,,,,,"[""th""]"
solitaire-tripeaks:idle-gold:th:t1,TRUE,TRUE,,ทองของคุณพร้อมแล้ว. มารับเลย.,,,,,,"[""th""]"
solitaire-tripeaks:idle-gold:th:t2,TRUE,TRUE,,ทองระหว่างรอกำลังรอ - กลับมาเล่นเกม.,,,,,,"[""th""]"
solitaire-tripeaks:idle-gold:th:t3,TRUE,TRUE,,คลังทองของคุณเต็มแล้ว. รับเลย.,,,,,,"[""th""]"
solitaire-tripeaks:idle-gold:th:t4,TRUE,TRUE,,ถึงเวลาเล่น. ทองของคุณพร้อมแล้ว.,,,,,,"[""th""]"
solitaire-tripeaks:idle-gold:th:t5,TRUE,TRUE,,กลับมาเลย. ทองกำลังสะสม.,,,,,,"[""th""]"
solitaire-tripeaks:idle-gold:th:t6,TRUE,TRUE,,ทองของคุณล้นแล้ว. รับเดี๋ยวนี้.,,,,,,"[""th""]"
solitaire-tripeaks:idle-gold:th:t7,TRUE,TRUE,,แจ้งเตือนทอง. มาเก็บคลังของคุณ.,,,,,,"[""th""]"
solitaire-tripeaks:idle-gold:th:t8,TRUE,TRUE,,กลับมาและเก็บทองของคุณ.,,,,,,"[""th""]"
solitaire-tripeaks:idle-gold:th:t9,TRUE,TRUE,,รางวัลของคุณพร้อมแล้ว. กลับมาเล่นเลย.,,,,,,"[""th""]"
solitaire-tripeaks:idle-gold:th:t10,TRUE,TRUE,,ทองปลดล็อกแล้ว. มาดูว่ามีเท่าไหร่.,,,,,,"[""th""]"
solitaire-tripeaks:idle-gold:th:t11,TRUE,TRUE,,กลับมารับรางวัลทองของคุณ.,,,,,,"[""th""]"
solitaire-tripeaks:idle-gold:th:t12,TRUE,TRUE,,ทองของคุณไม่รอนานหรอก. เข้ามาเร็ว.,,,,,,"[""th""]"
solitaire-tripeaks:idle-gold:th:t13,TRUE,TRUE,,มีสิ่งทองคำรออยู่. มาเล่นเลย.,,,,,,"[""th""]"
solitaire-tripeaks:idle-gold:th:t14,TRUE,TRUE,,รับทองก่อนที่จะหยุด.,,,,,,"[""th""]"
solitaire-tripeaks:idle-gold:th:t15,TRUE,TRUE,,ทองพร้อมแล้ว. กลับมาเดี๋ยวนี้.,,,,,,"[""th""]"
solitaire-tripeaks:idle-gold:th:t16,TRUE,TRUE,,คลังทองของคุณล้นแล้ว. มาเล่นเลย.,,,,,,"[""th""]"
solitaire-tripeaks:idle-gold:th:t17,TRUE,TRUE,,เข้ามา. ทองของคุณต้องเก็บแล้ว.,,,,,,"[""th""]"
solitaire-tripeaks:idle-gold:th:t18,TRUE,TRUE,,กลับมาเลย. ทองของคุณรออยู่.,,,,,,"[""th""]"
solitaire-tripeaks:idle-gold:th:t19,TRUE,TRUE,,ถึงเวลาทอง. กระโดดเข้าเกมเลย.,,,,,,"[""th""]"
solitaire-tripeaks:idle-gold:th:t20,TRUE,TRUE,,รางวัลทองของคุณมาแล้ว. มาเล่นเลย.,,,,,,"[""th""]"
solitaire-tripeaks:friend-joined:th:t1,TRUE,TRUE,,เพื่อนของคุณเข้าร่วมแล้ว.,,,,,,"[""th""]"
solitaire-tripeaks:friend-joined:th:t2,TRUE,TRUE,,ได้เวลาเล่นด้วยกันแล้ว.,,,,,,"[""th""]"
solitaire-tripeaks:friend-joined:th:t3,TRUE,TRUE,,ท้าเพื่อนของคุณเลย.,,,,,,"[""th""]"
solitaire-tripeaks:friend-joined:th:t4,TRUE,TRUE,,เพื่อนของคุณอยู่ที่โต๊ะแล้ว.,,,,,,"[""th""]"
solitaire-tripeaks:friend-joined:th:t5,TRUE,TRUE,,ความสนุกคูณสองกำลังรออยู่.,,,,,,"[""th""]"
solitaire-tripeaks:friend-joined:th:t6,TRUE,TRUE,,ปลดล็อกโหมดเพื่อนแล้ว.,,,,,,"[""th""]"
solitaire-tripeaks:friend-joined:th:t7,TRUE,TRUE,,มาเล่นเป็นทีมกันเถอะ.,,,,,,"[""th""]"
solitaire-tripeaks:friend-joined:th:t8,TRUE,TRUE,,เพื่อนของคุณอยากเล่นด้วย.,,,,,,"[""th""]"
solitaire-tripeaks:friend-joined:th:t9,TRUE,TRUE,,เปิดระดับมิตรภาพแล้ว.,,,,,,"[""th""]"
solitaire-tripeaks:friend-joined:th:t10,TRUE,TRUE,,ผู้เล่น 2 คน สนุกคูณสอง.,,,,,,"[""th""]"
solitaire-tripeaks:friend-joined:th:t11,TRUE,TRUE,,เพื่อนของคุณรับคำท้าแล้ว.,,,,,,"[""th""]"
solitaire-tripeaks:friend-joined:th:t12,TRUE,TRUE,,เพื่อนเล่นของคุณมาถึงแล้ว.,,,,,,"[""th""]"
solitaire-tripeaks:friend-joined:th:t13,TRUE,TRUE,,โหมดเพื่อนปะทะเพื่อนเริ่มแล้ว.,,,,,,"[""th""]"
solitaire-tripeaks:friend-joined:th:t14,TRUE,TRUE,,เล่นด้วยกันตอนนี้เลย.,,,,,,"[""th""]"
solitaire-tripeaks:friend-joined:th:t15,TRUE,TRUE,,เพื่อนของคุณพร้อมแล้ว.,,,,,,"[""th""]"
solitaire-tripeaks:friend-joined:th:t16,TRUE,TRUE,,เริ่มภารกิจดูโอแล้ว.,,,,,,"[""th""]"
solitaire-tripeaks:friend-joined:th:t17,TRUE,TRUE,,เล่นกับเพื่อนสนุกที่สุด.,,,,,,"[""th""]"
solitaire-tripeaks:friend-joined:th:t18,TRUE,TRUE,,คู่หูของคุณอยู่ที่โต๊ะแล้ว.,,,,,,"[""th""]"
solitaire-tripeaks:friend-joined:th:t19,TRUE,TRUE,,รวมทีมแล้วลุยเลย.,,,,,,"[""th""]"
solitaire-tripeaks:friend-joined:th:t20,TRUE,TRUE,,ปลดล็อกภารกิจเพื่อนแล้ว.,,,,,,"[""th""]"
solitaire-tripeaks:daily:en:play-button,TRUE,TRUE,,Play Now.,,,,,,"[""en""]"
solitaire-tripeaks:daily:ar:play-button,TRUE,TRUE,,العب الآن.,,,,,,"[""ar""]"
solitaire-tripeaks:daily:es:play-button,TRUE,TRUE,,¡Juega ahora.,,,,,,"[""es""]"
solitaire-tripeaks:daily:pt:play-button,TRUE,TRUE,,Jogue agora.,,,,,,"[""pt""]"
solitaire-tripeaks:daily:id:play-button,TRUE,TRUE,,Main sekarang.,,,,,,"[""id""]"
solitaire-tripeaks:daily:ru:play-button,TRUE,TRUE,,Играй сейчас.,,,,,,"[""ru""]"
solitaire-tripeaks:daily:fr:play-button,TRUE,TRUE,,Joue maintenant .,,,,,,"[""fr""]"
solitaire-tripeaks:daily:th:play-button,TRUE,TRUE,,เล่นเลยตอนนี้.,,,,,,"[""th""]"
solitaire-tripeaks:new-map:en:play-button,TRUE,TRUE,,Play Now.,,,,,,"[""en""]"
solitaire-tripeaks:new-map:ar:play-button,TRUE,TRUE,,العب الآن.,,,,,,"[""ar""]"
solitaire-tripeaks:new-map:es:play-button,TRUE,TRUE,,¡Juega ahora.,,,,,,"[""es""]"
solitaire-tripeaks:new-map:pt:play-button,TRUE,TRUE,,Jogue agora.,,,,,,"[""pt""]"
solitaire-tripeaks:new-map:id:play-button,TRUE,TRUE,,Main sekarang.,,,,,,"[""id""]"
solitaire-tripeaks:new-map:ru:play-button,TRUE,TRUE,,Играй сейчас.,,,,,,"[""ru""]"
solitaire-tripeaks:new-map:fr:play-button,TRUE,TRUE,,Joue maintenant .,,,,,,"[""fr""]"
solitaire-tripeaks:new-map:th:play-button,TRUE,TRUE,,เล่นเลยตอนนี้.,,,,,,"[""th""]"
solitaire-tripeaks:idle-gold:en:play-button,TRUE,TRUE,,Play Now.,,,,,,"[""en""]"
solitaire-tripeaks:idle-gold:ar:play-button,TRUE,TRUE,,العب الآن.,,,,,,"[""ar""]"
solitaire-tripeaks:idle-gold:es:play-button,TRUE,TRUE,,¡Juega ahora.,,,,,,"[""es""]"
solitaire-tripeaks:idle-gold:pt:play-button,TRUE,TRUE,,Jogue agora.,,,,,,"[""pt""]"
solitaire-tripeaks:idle-gold:id:play-button,TRUE,TRUE,,Main sekarang.,,,,,,"[""id""]"
solitaire-tripeaks:idle-gold:ru:play-button,TRUE,TRUE,,Играй сейчас.,,,,,,"[""ru""]"
solitaire-tripeaks:idle-gold:fr:play-button,TRUE,TRUE,,Joue maintenant .,,,,,,"[""fr""]"
solitaire-tripeaks:idle-gold:th:play-button,TRUE,TRUE,,เล่นเลยตอนนี้.,,,,,,"[""th""]"
solitaire-tripeaks:friend-joined:en:play-button,TRUE,TRUE,,Play Now.,,,,,,"[""en""]"
solitaire-tripeaks:friend-joined:ar:play-button,TRUE,TRUE,,العب الآن.,,,,,,"[""ar""]"
solitaire-tripeaks:friend-joined:es:play-button,TRUE,TRUE,,¡Juega ahora.,,,,,,"[""es""]"
solitaire-tripeaks:friend-joined:pt:play-button,TRUE,TRUE,,Jogue agora.,,,,,,"[""pt""]"
solitaire-tripeaks:friend-joined:id:play-button,TRUE,TRUE,,Main sekarang.,,,,,,"[""id""]"
solitaire-tripeaks:friend-joined:ru:play-button,TRUE,TRUE,,Играй сейчас.,,,,,,"[""ru""]"
solitaire-tripeaks:friend-joined:fr:play-button,TRUE,TRUE,,Joue maintenant .,,,,,,"[""fr""]"
solitaire-tripeaks:friend-joined:th:play-button,TRUE,TRUE,,เล่นเลยตอนนี้.,,,,,,"[""th""]"
