id,is_a2u_enabled,is_bot_enabled,a2u_alt_title,a2u_alt_body,a2u_alt_image_id,a2u_alt_payload,element_ids,parent_message_id,countries,languages
blockmaster:daily:en:t1,TRUE,TRUE,,Come back and play today!,,,,,,"[""en""]"
blockmaster:daily:en:t2,TRUE,TRUE,,Your blocks are waiting!,,,,,,"[""en""]"
blockmaster:daily:en:t3,TRUE,TRUE,,Ready for today's challenge?,,,,,,"[""en""]"
blockmaster:daily:en:t4,TRUE,TRUE,,Check your daily tier!,,,,,,"[""en""]"
blockmaster:daily:en:t5,TRUE,TRUE,,We missed you yesterday!,,,,,,"[""en""]"
blockmaster:daily:en:t6,TRUE,TRUE,,Time for some block fun!,,,,,,"[""en""]"
blockmaster:daily:en:t7,TRUE,TRUE,,Your daily rewards await!,,,,,,"[""en""]"
blockmaster:daily:en:t8,TRUE,TRUE,,Let's crush some blocks!,,,,,,"[""en""]"
blockmaster:daily:en:t9,TRUE,TRUE,,Today's puzzle is ready!,,,,,,"[""en""]"
blockmaster:daily:en:t10,TRUE,TRUE,,Don't miss today's bonus!,,,,,,"[""en""]"
blockmaster:daily:en:t11,TRUE,TRUE,,Your turn to shine!,,,,,,"[""en""]"
blockmaster:daily:en:t12,TRUE,TRUE,,"New blocks, new fun!",,,,,,"[""en""]"
blockmaster:daily:en:t13,TRUE,TRUE,,Daily challenge unlocked!,,,,,,"[""en""]"
blockmaster:daily:en:t14,TRUE,TRUE,,Come play with us!,,,,,,"[""en""]"
blockmaster:daily:en:t15,TRUE,TRUE,,Today's tier awaits you!,,,,,,"[""en""]"
blockmaster:daily:en:t16,TRUE,TRUE,,Block party starts now!,,,,,,"[""en""]"
blockmaster:daily:en:t17,TRUE,TRUE,,Your daily dose of fun!,,,,,,"[""en""]"
blockmaster:daily:en:t18,TRUE,TRUE,,Ready to tier up?,,,,,,"[""en""]"
blockmaster:daily:en:t19,TRUE,TRUE,,"New day, new blocks!",,,,,,"[""en""]"
blockmaster:daily:en:t20,TRUE,TRUE,,Let's make today epic!,,,,,,"[""en""]"
blockmaster:new-friend:en:t1,TRUE,TRUE,,Your friend just joined!,,,,,,"[""en""]"
blockmaster:new-friend:en:t2,TRUE,TRUE,,Time to play together!,,,,,,"[""en""]"
blockmaster:new-friend:en:t3,TRUE,TRUE,,Challenge your friend now!,,,,,,"[""en""]"
blockmaster:new-friend:en:t4,TRUE,TRUE,,Your buddy is here!,,,,,,"[""en""]"
blockmaster:new-friend:en:t5,TRUE,TRUE,,Double the fun awaits!,,,,,,"[""en""]"
blockmaster:new-friend:en:t6,TRUE,TRUE,,Friend mode unlocked!,,,,,,"[""en""]"
blockmaster:new-friend:en:t7,TRUE,TRUE,,Let's play as a team!,,,,,,"[""en""]"
blockmaster:new-friend:en:t8,TRUE,TRUE,,Your friend wants to play!,,,,,,"[""en""]"
blockmaster:new-friend:en:t9,TRUE,TRUE,,Friendship level activated!,,,,,,"[""en""]"
blockmaster:new-friend:en:t10,TRUE,TRUE,,"Two players, double fun!",,,,,,"[""en""]"
blockmaster:new-friend:en:t11,TRUE,TRUE,,Challenge accepted by friend!,,,,,,"[""en""]"
blockmaster:new-friend:en:t12,TRUE,TRUE,,Your gaming buddy arrived!,,,,,,"[""en""]"
blockmaster:new-friend:en:t13,TRUE,TRUE,,Friend vs friend mode on!,,,,,,"[""en""]"
blockmaster:new-friend:en:t14,TRUE,TRUE,,Play together right now!,,,,,,"[""en""]"
blockmaster:new-friend:en:t15,TRUE,TRUE,,Your friend is ready!,,,,,,"[""en""]"
blockmaster:new-friend:en:t16,TRUE,TRUE,,Duo challenge begins!,,,,,,"[""en""]"
blockmaster:new-friend:en:t17,TRUE,TRUE,,Friends play best together!,,,,,,"[""en""]"
blockmaster:new-friend:en:t18,TRUE,TRUE,,Your partner joined the game!,,,,,,"[""en""]"
blockmaster:new-friend:en:t19,TRUE,TRUE,,Team up and dominate!,,,,,,"[""en""]"
blockmaster:new-friend:en:t20,TRUE,TRUE,,Friend challenge unlocked!,,,,,,"[""en""]"
blockmaster:lucky-chest:en:t1,TRUE,TRUE,,Your Lucky Chest is here! Come get it!,,,,,,"[""en""]"
blockmaster:lucky-chest:en:t2,TRUE,TRUE,,Hop back in! Lucky Chest waiting for you!,,,,,,"[""en""]"
blockmaster:lucky-chest:en:t3,TRUE,TRUE,,Lucky Chest ready! Come grab your reward!,,,,,,"[""en""]"
blockmaster:lucky-chest:en:t4,TRUE,TRUE,,Time to play! Your Lucky Chest is unlocked!,,,,,,"[""en""]"
blockmaster:lucky-chest:en:t5,TRUE,TRUE,,Come back! Lucky treasures await!,,,,,,"[""en""]"
blockmaster:lucky-chest:en:t6,TRUE,TRUE,,Your Lucky Chest is full! Hop in now!,,,,,,"[""en""]"
blockmaster:lucky-chest:en:t7,TRUE,TRUE,,Lucky Chest alert! Come collect your goodies!,,,,,,"[""en""]"
blockmaster:lucky-chest:en:t8,TRUE,TRUE,,Hop back and open your Lucky Chest!,,,,,,"[""en""]"
blockmaster:lucky-chest:en:t9,TRUE,TRUE,,Your reward is ready! Come back and play!,,,,,,"[""en""]"
blockmaster:lucky-chest:en:t10,TRUE,TRUE,,Lucky Chest unlocked! Come see what's inside!,,,,,,"[""en""]"
blockmaster:lucky-chest:en:t11,TRUE,TRUE,,Come back for your lucky surprise!,,,,,,"[""en""]"
blockmaster:lucky-chest:en:t12,TRUE,TRUE,,Your Lucky Chest won't wait! Hop in!,,,,,,"[""en""]"
blockmaster:lucky-chest:en:t13,TRUE,TRUE,,Something lucky is waiting! Come play!,,,,,,"[""en""]"
blockmaster:lucky-chest:en:t14,TRUE,TRUE,,Grab your Lucky Chest before it's gone!,,,,,,"[""en""]"
blockmaster:lucky-chest:en:t15,TRUE,TRUE,,Lucky rewards ready! Come back now!,,,,,,"[""en""]"
blockmaster:lucky-chest:en:t16,TRUE,TRUE,,Your Lucky Chest is bursting! Come play!,,,,,,"[""en""]"
blockmaster:lucky-chest:en:t17,TRUE,TRUE,,Hop in! Your Lucky Chest needs opening!,,,,,,"[""en""]"
blockmaster:lucky-chest:en:t18,TRUE,TRUE,,Come back! Lucky goodies are waiting!,,,,,,"[""en""]"
blockmaster:lucky-chest:en:t19,TRUE,TRUE,,Lucky Chest time! Jump back in!,,,,,,"[""en""]"
blockmaster:lucky-chest:en:t20,TRUE,TRUE,,Your lucky reward is here! Come play!,,,,,,"[""en""]"
blockmaster:daily:ar:t1,TRUE,TRUE,,عُد والعب اليوم!,,,,,,"[""ar""]"
blockmaster:daily:ar:t2,TRUE,TRUE,,الكتل بانتظارك!,,,,,,"[""ar""]"
blockmaster:daily:ar:t3,TRUE,TRUE,,جاهز لتحدي اليوم؟,,,,,,"[""ar""]"
blockmaster:daily:ar:t4,TRUE,TRUE,,تحقق من ترتيبك اليومي!,,,,,,"[""ar""]"
blockmaster:daily:ar:t5,TRUE,TRUE,,افتقدناك بالأمس!,,,,,,"[""ar""]"
blockmaster:daily:ar:t6,TRUE,TRUE,,وقت المرح مع الكتل!,,,,,,"[""ar""]"
blockmaster:daily:ar:t7,TRUE,TRUE,,مكافآتك اليومية بانتظارك!,,,,,,"[""ar""]"
blockmaster:daily:ar:t8,TRUE,TRUE,,لنحطم بعض الكتل!,,,,,,"[""ar""]"
blockmaster:daily:ar:t9,TRUE,TRUE,,لغز اليوم جاهز!,,,,,,"[""ar""]"
blockmaster:daily:ar:t10,TRUE,TRUE,,لا تفوت مكافأة اليوم!,,,,,,"[""ar""]"
blockmaster:daily:ar:t11,TRUE,TRUE,,دورك لتتألق!,,,,,,"[""ar""]"
blockmaster:daily:ar:t12,TRUE,TRUE,,كتل جديدة، متعة جديدة!,,,,,,"[""ar""]"
blockmaster:daily:ar:t13,TRUE,TRUE,,التحدي اليومي مفتوح!,,,,,,"[""ar""]"
blockmaster:daily:ar:t14,TRUE,TRUE,,تعال العب معنا!,,,,,,"[""ar""]"
blockmaster:daily:ar:t15,TRUE,TRUE,,مستواك اليوم بانتظارك!,,,,,,"[""ar""]"
blockmaster:daily:ar:t16,TRUE,TRUE,,حفلة الكتل تبدأ الآن!,,,,,,"[""ar""]"
blockmaster:daily:ar:t17,TRUE,TRUE,,جرعتك اليومية من المرح!,,,,,,"[""ar""]"
blockmaster:daily:ar:t18,TRUE,TRUE,,مستعد للترقية؟,,,,,,"[""ar""]"
blockmaster:daily:ar:t19,TRUE,TRUE,,يوم جديد، كتل جديدة!,,,,,,"[""ar""]"
blockmaster:daily:ar:t20,TRUE,TRUE,,لنصنع يوماً رائعاً!,,,,,,"[""ar""]"
blockmaster:new-friend:ar:t1,TRUE,TRUE,,صديقك انضم الآن!,,,,,,"[""ar""]"
blockmaster:new-friend:ar:t2,TRUE,TRUE,,حان وقت اللعب معاً!,,,,,,"[""ar""]"
blockmaster:new-friend:ar:t3,TRUE,TRUE,,تحدَّ صديقك الآن!,,,,,,"[""ar""]"
blockmaster:new-friend:ar:t4,TRUE,TRUE,,صديقك هنا!,,,,,,"[""ar""]"
blockmaster:new-friend:ar:t5,TRUE,TRUE,,المتعة المضاعفة بانتظارك!,,,,,,"[""ar""]"
blockmaster:new-friend:ar:t6,TRUE,TRUE,,وضع الصديق تم فتحه!,,,,,,"[""ar""]"
blockmaster:new-friend:ar:t7,TRUE,TRUE,,لنلعب كفريق!,,,,,,"[""ar""]"
blockmaster:new-friend:ar:t8,TRUE,TRUE,,صديقك يريد اللعب!,,,,,,"[""ar""]"
blockmaster:new-friend:ar:t9,TRUE,TRUE,,تم تفعيل مستوى الصداقة!,,,,,,"[""ar""]"
blockmaster:new-friend:ar:t10,TRUE,TRUE,,لاعبان، متعة مضاعفة!,,,,,,"[""ar""]"
blockmaster:new-friend:ar:t11,TRUE,TRUE,,صديقك قبل التحدي!,,,,,,"[""ar""]"
blockmaster:new-friend:ar:t12,TRUE,TRUE,,رفيق اللعب وصل!,,,,,,"[""ar""]"
blockmaster:new-friend:ar:t13,TRUE,TRUE,,وضع صديق ضد صديق مفعل!,,,,,,"[""ar""]"
blockmaster:new-friend:ar:t14,TRUE,TRUE,,العبوا معًا الآن!,,,,,,"[""ar""]"
blockmaster:new-friend:ar:t15,TRUE,TRUE,,صديقك جاهز!,,,,,,"[""ar""]"
blockmaster:new-friend:ar:t16,TRUE,TRUE,,التحدي الثنائي يبدأ!,,,,,,"[""ar""]"
blockmaster:new-friend:ar:t17,TRUE,TRUE,,الأصدقاء يلعبون أفضل معًا!,,,,,,"[""ar""]"
blockmaster:new-friend:ar:t18,TRUE,TRUE,,شريكك انضم للعبة!,,,,,,"[""ar""]"
blockmaster:new-friend:ar:t19,TRUE,TRUE,,شكّل فريقًا وسيطر!,,,,,,"[""ar""]"
blockmaster:new-friend:ar:t20,TRUE,TRUE,,تم فتح تحدي الأصدقاء!,,,,,,"[""ar""]"
blockmaster:lucky-chest:ar:t1,TRUE,TRUE,,صندوقك المحظوظ هنا! تعال واحصل عليه!,,,,,,"[""ar""]"
blockmaster:lucky-chest:ar:t2,TRUE,TRUE,,ارجع للعبة! الصندوق المحظوظ ينتظرك!,,,,,,"[""ar""]"
blockmaster:lucky-chest:ar:t3,TRUE,TRUE,,الصندوق المحظوظ جاهز! تعال واحصل على مكافأتك!,,,,,,"[""ar""]"
blockmaster:lucky-chest:ar:t4,TRUE,TRUE,,حان وقت اللعب! صندوقك المحظوظ مفتوح!,,,,,,"[""ar""]"
blockmaster:lucky-chest:ar:t5,TRUE,TRUE,,عد للعبة! كنوز محظوظة بانتظارك!,,,,,,"[""ar""]"
blockmaster:lucky-chest:ar:t6,TRUE,TRUE,,صندوقك المحظوظ ممتلئ! ادخل الآن!,,,,,,"[""ar""]"
blockmaster:lucky-chest:ar:t7,TRUE,TRUE,,تنبيه الصندوق المحظوظ! تعال واجمع هداياك!,,,,,,"[""ar""]"
blockmaster:lucky-chest:ar:t8,TRUE,TRUE,,ارجع وافتح صندوقك المحظوظ!,,,,,,"[""ar""]"
blockmaster:lucky-chest:ar:t9,TRUE,TRUE,,مكافأتك جاهزة! عد والعب!,,,,,,"[""ar""]"
blockmaster:lucky-chest:ar:t10,TRUE,TRUE,,الصندوق المحظوظ مفتوح! تعال وشاهد ما بداخله!,,,,,,"[""ar""]"
blockmaster:lucky-chest:ar:t11,TRUE,TRUE,,عد لتحصل على مفاجأتك المحظوظة!,,,,,,"[""ar""]"
blockmaster:lucky-chest:ar:t12,TRUE,TRUE,,صندوقك المحظوظ لن ينتظر! ادخل بسرعة!,,,,,,"[""ar""]"
blockmaster:lucky-chest:ar:t13,TRUE,TRUE,,شيء محظوظ ينتظرك! تعال والعب!,,,,,,"[""ar""]"
blockmaster:lucky-chest:ar:t14,TRUE,TRUE,,احصل على صندوقك المحظوظ قبل فوات الأوان!,,,,,,"[""ar""]"
blockmaster:lucky-chest:ar:t15,TRUE,TRUE,,مكافآت محظوظة جاهزة! عد الآن!,,,,,,"[""ar""]"
blockmaster:lucky-chest:ar:t16,TRUE,TRUE,,صندوقك المحظوظ يفيض! تعال والعب!,,,,,,"[""ar""]"
blockmaster:lucky-chest:ar:t17,TRUE,TRUE,,ادخل! صندوقك المحظوظ يحتاج للفتح!,,,,,,"[""ar""]"
blockmaster:lucky-chest:ar:t18,TRUE,TRUE,,عد للعبة! هدايا محظوظة تنتظرك!,,,,,,"[""ar""]"
blockmaster:lucky-chest:ar:t19,TRUE,TRUE,,وقت الصندوق المحظوظ! اقفز للعبة!,,,,,,"[""ar""]"
blockmaster:lucky-chest:ar:t20,TRUE,TRUE,,مكافأتك المحظوظة هنا! تعال والعب!,,,,,,"[""ar""]"
blockmaster:daily:es:t1,TRUE,TRUE,,¡Vuelve a jugar hoy!,,,,,,"[""es""]"
blockmaster:daily:es:t2,TRUE,TRUE,,¡Tus bloques te esperan!,,,,,,"[""es""]"
blockmaster:daily:es:t3,TRUE,TRUE,,¿Listo para el desafío?,,,,,,"[""es""]"
blockmaster:daily:es:t4,TRUE,TRUE,,¡Revisa tu nivel diario!,,,,,,"[""es""]"
blockmaster:daily:es:t5,TRUE,TRUE,,¡Te extrañamos ayer!,,,,,,"[""es""]"
blockmaster:daily:es:t6,TRUE,TRUE,,¡Hora de diversión con bloques!,,,,,,"[""es""]"
blockmaster:daily:es:t7,TRUE,TRUE,,¡Tus recompensas te esperan!,,,,,,"[""es""]"
blockmaster:daily:es:t8,TRUE,TRUE,,¡A romper bloques!,,,,,,"[""es""]"
blockmaster:daily:es:t9,TRUE,TRUE,,¡El rompecabezas está listo!,,,,,,"[""es""]"
blockmaster:daily:es:t10,TRUE,TRUE,,¡No te pierdas el bono!,,,,,,"[""es""]"
blockmaster:daily:es:t11,TRUE,TRUE,,¡Es tu momento de brillar!,,,,,,"[""es""]"
blockmaster:daily:es:t12,TRUE,TRUE,,"¡Nuevos bloques, nueva diversión!",,,,,,"[""es""]"
blockmaster:daily:es:t13,TRUE,TRUE,,¡Desafío diario desbloqueado!,,,,,,"[""es""]"
blockmaster:daily:es:t14,TRUE,TRUE,,¡Ven a jugar con nosotros!,,,,,,"[""es""]"
blockmaster:daily:es:t15,TRUE,TRUE,,¡Tu nivel de hoy te espera!,,,,,,"[""es""]"
blockmaster:daily:es:t16,TRUE,TRUE,,¡Fiesta de bloques ya!,,,,,,"[""es""]"
blockmaster:daily:es:t17,TRUE,TRUE,,¡Tu dosis diaria de diversión!,,,,,,"[""es""]"
blockmaster:daily:es:t18,TRUE,TRUE,,¿Listo para subir de nivel?,,,,,,"[""es""]"
blockmaster:daily:es:t19,TRUE,TRUE,,"¡Nuevo día, nuevos bloques!",,,,,,"[""es""]"
blockmaster:daily:es:t20,TRUE,TRUE,,¡Hagamos de hoy algo épico!,,,,,,"[""es""]"
blockmaster:new-friend:es:t1,TRUE,TRUE,,¡Tu amigo se acaba de unir!,,,,,,"[""es""]"
blockmaster:new-friend:es:t2,TRUE,TRUE,,¡Hora de jugar juntos!,,,,,,"[""es""]"
blockmaster:new-friend:es:t3,TRUE,TRUE,,¡Desafía a tu amigo ya!,,,,,,"[""es""]"
blockmaster:new-friend:es:t4,TRUE,TRUE,,¡Tu compañero está aquí!,,,,,,"[""es""]"
blockmaster:new-friend:es:t5,TRUE,TRUE,,¡Diversión doble te espera!,,,,,,"[""es""]"
blockmaster:new-friend:es:t6,TRUE,TRUE,,¡Modo amigo desbloqueado!,,,,,,"[""es""]"
blockmaster:new-friend:es:t7,TRUE,TRUE,,¡Juguemos en equipo!,,,,,,"[""es""]"
blockmaster:new-friend:es:t8,TRUE,TRUE,,¡Tu amigo quiere jugar!,,,,,,"[""es""]"
blockmaster:new-friend:es:t9,TRUE,TRUE,,¡Nivel de amistad activado!,,,,,,"[""es""]"
blockmaster:new-friend:es:t10,TRUE,TRUE,,"¡Dos jugadores, doble diversión!",,,,,,"[""es""]"
blockmaster:new-friend:es:t11,TRUE,TRUE,,¡Tu amigo aceptó el reto!,,,,,,"[""es""]"
blockmaster:new-friend:es:t12,TRUE,TRUE,,¡Tu compañero de juego llegó!,,,,,,"[""es""]"
blockmaster:new-friend:es:t13,TRUE,TRUE,,¡Modo amigo vs amigo activado!,,,,,,"[""es""]"
blockmaster:new-friend:es:t14,TRUE,TRUE,,¡Jueguen juntos ya!,,,,,,"[""es""]"
blockmaster:new-friend:es:t15,TRUE,TRUE,,¡Tu amigo está listo!,,,,,,"[""es""]"
blockmaster:new-friend:es:t16,TRUE,TRUE,,¡Comienza el desafío en dúo!,,,,,,"[""es""]"
blockmaster:new-friend:es:t17,TRUE,TRUE,,¡Los amigos juegan mejor juntos!,,,,,,"[""es""]"
blockmaster:new-friend:es:t18,TRUE,TRUE,,¡Tu compañero se unió al juego!,,,,,,"[""es""]"
blockmaster:new-friend:es:t19,TRUE,TRUE,,¡Forma equipo y domina!,,,,,,"[""es""]"
blockmaster:new-friend:es:t20,TRUE,TRUE,,¡Desafío de amigos desbloqueado!,,,,,,"[""es""]"
blockmaster:lucky-chest:es:t1,TRUE,TRUE,,¡Tu Cofre de la Suerte está aquí! ¡Ven a por él!,,,,,,"[""es""]"
blockmaster:lucky-chest:es:t2,TRUE,TRUE,,¡Vuelve al juego! ¡El Cofre de la Suerte te espera!,,,,,,"[""es""]"
blockmaster:lucky-chest:es:t3,TRUE,TRUE,,¡Cofre de la Suerte listo! ¡Ven a recoger tu recompensa!,,,,,,"[""es""]"
blockmaster:lucky-chest:es:t4,TRUE,TRUE,,¡Hora de jugar! ¡Tu Cofre de la Suerte está desbloqueado!,,,,,,"[""es""]"
blockmaster:lucky-chest:es:t5,TRUE,TRUE,,¡Regresa! ¡Tesoros afortunados te esperan!,,,,,,"[""es""]"
blockmaster:lucky-chest:es:t6,TRUE,TRUE,,¡Tu Cofre de la Suerte está lleno! ¡Entra ahora!,,,,,,"[""es""]"
blockmaster:lucky-chest:es:t7,TRUE,TRUE,,¡Alerta de Cofre de la Suerte! ¡Ven a recoger tus premios!,,,,,,"[""es""]"
blockmaster:lucky-chest:es:t8,TRUE,TRUE,,¡Vuelve y abre tu Cofre de la Suerte!,,,,,,"[""es""]"
blockmaster:lucky-chest:es:t9,TRUE,TRUE,,¡Tu recompensa está lista! ¡Regresa y juega!,,,,,,"[""es""]"
blockmaster:lucky-chest:es:t10,TRUE,TRUE,,¡Cofre de la Suerte desbloqueado! ¡Ven a ver qué hay dentro!,,,,,,"[""es""]"
blockmaster:lucky-chest:es:t11,TRUE,TRUE,,¡Regresa por tu sorpresa afortunada!,,,,,,"[""es""]"
blockmaster:lucky-chest:es:t12,TRUE,TRUE,,¡Tu Cofre de la Suerte no esperará! ¡Entra rápido!,,,,,,"[""es""]"
blockmaster:lucky-chest:es:t13,TRUE,TRUE,,¡Algo afortunado te espera! ¡Ven a jugar!,,,,,,"[""es""]"
blockmaster:lucky-chest:es:t14,TRUE,TRUE,,¡Recoge tu Cofre de la Suerte antes de que desaparezca!,,,,,,"[""es""]"
blockmaster:lucky-chest:es:t15,TRUE,TRUE,,¡Recompensas afortunadas listas! ¡Regresa ahora!,,,,,,"[""es""]"
blockmaster:lucky-chest:es:t16,TRUE,TRUE,,¡Tu Cofre de la Suerte está rebosante! ¡Ven a jugar!,,,,,,"[""es""]"
blockmaster:lucky-chest:es:t17,TRUE,TRUE,,¡Entra! ¡Tu Cofre de la Suerte necesita abrirse!,,,,,,"[""es""]"
blockmaster:lucky-chest:es:t18,TRUE,TRUE,,¡Regresa! ¡Premios afortunados te esperan!,,,,,,"[""es""]"
blockmaster:lucky-chest:es:t19,TRUE,TRUE,,¡Hora del Cofre de la Suerte! ¡Salta al juego!,,,,,,"[""es""]"
blockmaster:lucky-chest:es:t20,TRUE,TRUE,,¡Tu recompensa afortunada está aquí! ¡Ven a jugar!,,,,,,"[""es""]"
blockmaster:daily:pt:t1,TRUE,TRUE,,Volte a jogar hoje!,,,,,,"[""pt""]"
blockmaster:daily:pt:t2,TRUE,TRUE,,Seus blocos estão esperando!,,,,,,"[""pt""]"
blockmaster:daily:pt:t3,TRUE,TRUE,,Pronto para o desafio?,,,,,,"[""pt""]"
blockmaster:daily:pt:t4,TRUE,TRUE,,Veja seu nível diário!,,,,,,"[""pt""]"
blockmaster:daily:pt:t5,TRUE,TRUE,,Sentimos sua falta ontem!,,,,,,"[""pt""]"
blockmaster:daily:pt:t6,TRUE,TRUE,,Hora de diversão com blocos!,,,,,,"[""pt""]"
blockmaster:daily:pt:t7,TRUE,TRUE,,Suas recompensas diárias estão aqui!,,,,,,"[""pt""]"
blockmaster:daily:pt:t8,TRUE,TRUE,,Vamos esmagar blocos!,,,,,,"[""pt""]"
blockmaster:daily:pt:t9,TRUE,TRUE,,O quebra-cabeça de hoje está pronto!,,,,,,"[""pt""]"
blockmaster:daily:pt:t10,TRUE,TRUE,,Não perca o bônus de hoje!,,,,,,"[""pt""]"
blockmaster:daily:pt:t11,TRUE,TRUE,,Sua vez de brilhar!,,,,,,"[""pt""]"
blockmaster:daily:pt:t12,TRUE,TRUE,,"Blocos novos, nova diversão!",,,,,,"[""pt""]"
blockmaster:daily:pt:t13,TRUE,TRUE,,Desafio diário liberado!,,,,,,"[""pt""]"
blockmaster:daily:pt:t14,TRUE,TRUE,,Venha jogar com a gente!,,,,,,"[""pt""]"
blockmaster:daily:pt:t15,TRUE,TRUE,,Seu nível de hoje te espera!,,,,,,"[""pt""]"
blockmaster:daily:pt:t16,TRUE,TRUE,,A festa dos blocos começou!,,,,,,"[""pt""]"
blockmaster:daily:pt:t17,TRUE,TRUE,,Sua dose diária de diversão!,,,,,,"[""pt""]"
blockmaster:daily:pt:t18,TRUE,TRUE,,Pronto para subir de nível?,,,,,,"[""pt""]"
blockmaster:daily:pt:t19,TRUE,TRUE,,"Dia novo, blocos novos!",,,,,,"[""pt""]"
blockmaster:daily:pt:t20,TRUE,TRUE,,Vamos fazer um dia épico!,,,,,,"[""pt""]"
blockmaster:new-friend:pt:t1,TRUE,TRUE,,Seu amigo acabou de entrar!,,,,,,"[""pt""]"
blockmaster:new-friend:pt:t2,TRUE,TRUE,,Hora de jogar juntos!,,,,,,"[""pt""]"
blockmaster:new-friend:pt:t3,TRUE,TRUE,,Desafie seu amigo agora!,,,,,,"[""pt""]"
blockmaster:new-friend:pt:t4,TRUE,TRUE,,Seu parceiro chegou!,,,,,,"[""pt""]"
blockmaster:new-friend:pt:t5,TRUE,TRUE,,Diversão em dobro te espera!,,,,,,"[""pt""]"
blockmaster:new-friend:pt:t6,TRUE,TRUE,,Modo amigo liberado!,,,,,,"[""pt""]"
blockmaster:new-friend:pt:t7,TRUE,TRUE,,Vamos jogar em equipe!,,,,,,"[""pt""]"
blockmaster:new-friend:pt:t8,TRUE,TRUE,,Seu amigo quer jogar!,,,,,,"[""pt""]"
blockmaster:new-friend:pt:t9,TRUE,TRUE,,Nível de amizade ativado!,,,,,,"[""pt""]"
blockmaster:new-friend:pt:t10,TRUE,TRUE,,"Dois jogadores, diversão em dobro!",,,,,,"[""pt""]"
blockmaster:new-friend:pt:t11,TRUE,TRUE,,Desafio aceito pelo amigo!,,,,,,"[""pt""]"
blockmaster:new-friend:pt:t12,TRUE,TRUE,,Seu parceiro de jogo chegou!,,,,,,"[""pt""]"
blockmaster:new-friend:pt:t13,TRUE,TRUE,,Modo amigo vs amigo ativo!,,,,,,"[""pt""]"
blockmaster:new-friend:pt:t14,TRUE,TRUE,,Joguem juntos agora!,,,,,,"[""pt""]"
blockmaster:new-friend:pt:t15,TRUE,TRUE,,Seu amigo está pronto!,,,,,,"[""pt""]"
blockmaster:new-friend:pt:t16,TRUE,TRUE,,Começa o desafio em dupla!,,,,,,"[""pt""]"
blockmaster:new-friend:pt:t17,TRUE,TRUE,,Amigos jogam melhor juntos!,,,,,,"[""pt""]"
blockmaster:new-friend:pt:t18,TRUE,TRUE,,Seu parceiro entrou no jogo!,,,,,,"[""pt""]"
blockmaster:new-friend:pt:t19,TRUE,TRUE,,Formem time e dominem!,,,,,,"[""pt""]"
blockmaster:new-friend:pt:t20,TRUE,TRUE,,Desafio de amigo liberado!,,,,,,"[""pt""]"
blockmaster:lucky-chest:pt:t1,TRUE,TRUE,,Seu Baú da Sorte chegou! Venha pegá-lo!,,,,,,"[""pt""]"
blockmaster:lucky-chest:pt:t2,TRUE,TRUE,,Volte ao jogo! O Baú da Sorte está esperando você!,,,,,,"[""pt""]"
blockmaster:lucky-chest:pt:t3,TRUE,TRUE,,Baú da Sorte pronto! Venha pegar sua recompensa!,,,,,,"[""pt""]"
blockmaster:lucky-chest:pt:t4,TRUE,TRUE,,Hora de jogar! Seu Baú da Sorte está desbloqueado!,,,,,,"[""pt""]"
blockmaster:lucky-chest:pt:t5,TRUE,TRUE,,Volte! Tesouros da sorte aguardam você!,,,,,,"[""pt""]"
blockmaster:lucky-chest:pt:t6,TRUE,TRUE,,Seu Baú da Sorte está cheio! Entre agora!,,,,,,"[""pt""]"
blockmaster:lucky-chest:pt:t7,TRUE,TRUE,,Alerta de Baú da Sorte! Venha coletar seus prêmios!,,,,,,"[""pt""]"
blockmaster:lucky-chest:pt:t8,TRUE,TRUE,,Volte e abra seu Baú da Sorte!,,,,,,"[""pt""]"
blockmaster:lucky-chest:pt:t9,TRUE,TRUE,,Sua recompensa está pronta! Volte e jogue!,,,,,,"[""pt""]"
blockmaster:lucky-chest:pt:t10,TRUE,TRUE,,Baú da Sorte desbloqueado! Venha ver o que tem dentro!,,,,,,"[""pt""]"
blockmaster:lucky-chest:pt:t11,TRUE,TRUE,,Volte para sua surpresa da sorte!,,,,,,"[""pt""]"
blockmaster:lucky-chest:pt:t12,TRUE,TRUE,,Seu Baú da Sorte não vai esperar! Entre rápido!,,,,,,"[""pt""]"
blockmaster:lucky-chest:pt:t13,TRUE,TRUE,,Algo sortudo está esperando! Venha jogar!,,,,,,"[""pt""]"
blockmaster:lucky-chest:pt:t14,TRUE,TRUE,,Pegue seu Baú da Sorte antes que acabe!,,,,,,"[""pt""]"
blockmaster:lucky-chest:pt:t15,TRUE,TRUE,,Recompensas da sorte prontas! Volte agora!,,,,,,"[""pt""]"
blockmaster:lucky-chest:pt:t16,TRUE,TRUE,,Seu Baú da Sorte está transbordando! Venha jogar!,,,,,,"[""pt""]"
blockmaster:lucky-chest:pt:t17,TRUE,TRUE,,Entre! Seu Baú da Sorte precisa ser aberto!,,,,,,"[""pt""]"
blockmaster:lucky-chest:pt:t18,TRUE,TRUE,,Volte! Prêmios da sorte estão esperando!,,,,,,"[""pt""]"
blockmaster:lucky-chest:pt:t19,TRUE,TRUE,,Hora do Baú da Sorte! Pule no jogo!,,,,,,"[""pt""]"
blockmaster:lucky-chest:pt:t20,TRUE,TRUE,,Sua recompensa da sorte está aqui! Venha jogar!,,,,,,"[""pt""]"
blockmaster:daily:id:t1,TRUE,TRUE,,Ayo main lagi hari ini!,,,,,,"[""id""]"
blockmaster:daily:id:t2,TRUE,TRUE,,Blokmu sedang menunggu!,,,,,,"[""id""]"
blockmaster:daily:id:t3,TRUE,TRUE,,Siap tantangan hari ini?,,,,,,"[""id""]"
blockmaster:daily:id:t4,TRUE,TRUE,,Cek tingkatan harianmu!,,,,,,"[""id""]"
blockmaster:daily:id:t5,TRUE,TRUE,,Kami kangen kemarin!,,,,,,"[""id""]"
blockmaster:daily:id:t6,TRUE,TRUE,,Saatnya bersenang-senang dengan blok!,,,,,,"[""id""]"
blockmaster:daily:id:t7,TRUE,TRUE,,Hadiah harianmu menunggu!,,,,,,"[""id""]"
blockmaster:daily:id:t8,TRUE,TRUE,,Hancurkan bloknya!,,,,,,"[""id""]"
blockmaster:daily:id:t9,TRUE,TRUE,,Puzzle hari ini siap!,,,,,,"[""id""]"
blockmaster:daily:id:t10,TRUE,TRUE,,Jangan lewatkan bonus hari ini!,,,,,,"[""id""]"
blockmaster:daily:id:t11,TRUE,TRUE,,Saatnya kamu bersinar!,,,,,,"[""id""]"
blockmaster:daily:id:t12,TRUE,TRUE,,"Blok baru, seru baru!",,,,,,"[""id""]"
blockmaster:daily:id:t13,TRUE,TRUE,,Tantangan harian terbuka!,,,,,,"[""id""]"
blockmaster:daily:id:t14,TRUE,TRUE,,Ayo main bareng!,,,,,,"[""id""]"
blockmaster:daily:id:t15,TRUE,TRUE,,Tier hari ini menantimu!,,,,,,"[""id""]"
blockmaster:daily:id:t16,TRUE,TRUE,,Pesta blok dimulai!,,,,,,"[""id""]"
blockmaster:daily:id:t17,TRUE,TRUE,,Dosis serumu hari ini!,,,,,,"[""id""]"
blockmaster:daily:id:t18,TRUE,TRUE,,Siap naik tier?,,,,,,"[""id""]"
blockmaster:daily:id:t19,TRUE,TRUE,,"Hari baru, blok baru!",,,,,,"[""id""]"
blockmaster:daily:id:t20,TRUE,TRUE,,Bikin hari ini luar biasa!,,,,,,"[""id""]"
blockmaster:new-friend:id:t1,TRUE,TRUE,,Temanmu baru saja bergabung!,,,,,,"[""id""]"
blockmaster:new-friend:id:t2,TRUE,TRUE,,Saatnya main bareng!,,,,,,"[""id""]"
blockmaster:new-friend:id:t3,TRUE,TRUE,,Tantang temanmu sekarang!,,,,,,"[""id""]"
blockmaster:new-friend:id:t4,TRUE,TRUE,,Temanmu sudah datang!,,,,,,"[""id""]"
blockmaster:new-friend:id:t5,TRUE,TRUE,,Keseruan dobel menanti!,,,,,,"[""id""]"
blockmaster:new-friend:id:t6,TRUE,TRUE,,Mode teman terbuka!,,,,,,"[""id""]"
blockmaster:new-friend:id:t7,TRUE,TRUE,,Ayo main tim!,,,,,,"[""id""]"
blockmaster:new-friend:id:t8,TRUE,TRUE,,Temanmu mau main!,,,,,,"[""id""]"
blockmaster:new-friend:id:t9,TRUE,TRUE,,Level persahabatan aktif!,,,,,,"[""id""]"
blockmaster:new-friend:id:t10,TRUE,TRUE,,"Dua pemain, dua kali seru!",,,,,,"[""id""]"
blockmaster:new-friend:id:t11,TRUE,TRUE,,Temanmu menerima tantangan!,,,,,,"[""id""]"
blockmaster:new-friend:id:t12,TRUE,TRUE,,Teman mainmu sudah datang!,,,,,,"[""id""]"
blockmaster:new-friend:id:t13,TRUE,TRUE,,Mode teman lawan aktif!,,,,,,"[""id""]"
blockmaster:new-friend:id:t14,TRUE,TRUE,,Main bareng sekarang!,,,,,,"[""id""]"
blockmaster:new-friend:id:t15,TRUE,TRUE,,Temanmu sudah siap!,,,,,,"[""id""]"
blockmaster:new-friend:id:t16,TRUE,TRUE,,Tantangan duo dimulai!,,,,,,"[""id""]"
blockmaster:new-friend:id:t17,TRUE,TRUE,,Teman main lebih seru bareng!,,,,,,"[""id""]"
blockmaster:new-friend:id:t18,TRUE,TRUE,,Partnermu sudah masuk game!,,,,,,"[""id""]"
blockmaster:new-friend:id:t19,TRUE,TRUE,,Gabung tim dan kuasai!,,,,,,"[""id""]"
blockmaster:new-friend:id:t20,TRUE,TRUE,,Tantangan teman terbuka!,,,,,,"[""id""]"
blockmaster:lucky-chest:id:t1,TRUE,TRUE,,Peti Keberuntunganmu sudah siap! Ayo ambil!,,,,,,"[""id""]"
blockmaster:lucky-chest:id:t2,TRUE,TRUE,,Kembali ke game! Peti Keberuntungan menunggumu!,,,,,,"[""id""]"
blockmaster:lucky-chest:id:t3,TRUE,TRUE,,Peti Keberuntungan siap! Ayo ambil hadiahmu!,,,,,,"[""id""]"
blockmaster:lucky-chest:id:t4,TRUE,TRUE,,Waktunya bermain! Peti Keberuntunganmu terbuka!,,,,,,"[""id""]"
blockmaster:lucky-chest:id:t5,TRUE,TRUE,,Kembalilah! Harta keberuntungan menanti!,,,,,,"[""id""]"
blockmaster:lucky-chest:id:t6,TRUE,TRUE,,Peti Keberuntunganmu penuh! Masuk sekarang!,,,,,,"[""id""]"
blockmaster:lucky-chest:id:t7,TRUE,TRUE,,Pemberitahuan Peti Keberuntungan! Ayo kumpulkan hadiahmu!,,,,,,"[""id""]"
blockmaster:lucky-chest:id:t8,TRUE,TRUE,,Kembali dan buka Peti Keberuntunganmu!,,,,,,"[""id""]"
blockmaster:lucky-chest:id:t9,TRUE,TRUE,,Hadiahmu sudah siap! Kembali dan main!,,,,,,"[""id""]"
blockmaster:lucky-chest:id:t10,TRUE,TRUE,,Peti Keberuntungan terbuka! Lihat apa isinya!,,,,,,"[""id""]"
blockmaster:lucky-chest:id:t11,TRUE,TRUE,,Kembali untuk kejutan keberuntunganmu!,,,,,,"[""id""]"
blockmaster:lucky-chest:id:t12,TRUE,TRUE,,Peti Keberuntunganmu tak akan menunggu! Masuk cepat!,,,,,,"[""id""]"
blockmaster:lucky-chest:id:t13,TRUE,TRUE,,Sesuatu yang beruntung menanti! Ayo main!,,,,,,"[""id""]"
blockmaster:lucky-chest:id:t14,TRUE,TRUE,,Ambil Peti Keberuntunganmu sebelum hilang!,,,,,,"[""id""]"
blockmaster:lucky-chest:id:t15,TRUE,TRUE,,Hadiah keberuntungan siap! Kembali sekarang!,,,,,,"[""id""]"
blockmaster:lucky-chest:id:t16,TRUE,TRUE,,Peti Keberuntunganmu meluap! Ayo main!,,,,,,"[""id""]"
blockmaster:lucky-chest:id:t17,TRUE,TRUE,,Masuk! Peti Keberuntunganmu perlu dibuka!,,,,,,"[""id""]"
blockmaster:lucky-chest:id:t18,TRUE,TRUE,,Kembalilah! Hadiah keberuntungan menunggu!,,,,,,"[""id""]"
blockmaster:lucky-chest:id:t19,TRUE,TRUE,,Waktu Peti Keberuntungan! Lompat ke game!,,,,,,"[""id""]"
blockmaster:lucky-chest:id:t20,TRUE,TRUE,,Hadiah keberuntunganmu ada di sini! Ayo main!,,,,,,"[""id""]"
blockmaster:daily:ru:t1,TRUE,TRUE,,Вернись и играй сегодня!,,,,,,"[""ru""]"
blockmaster:daily:ru:t2,TRUE,TRUE,,Твои блоки ждут!,,,,,,"[""ru""]"
blockmaster:daily:ru:t3,TRUE,TRUE,,Готов к сегодняшнему вызову?,,,,,,"[""ru""]"
blockmaster:daily:ru:t4,TRUE,TRUE,,Проверь свой ежедневный ранг!,,,,,,"[""ru""]"
blockmaster:daily:ru:t5,TRUE,TRUE,,Мы скучали вчера!,,,,,,"[""ru""]"
blockmaster:daily:ru:t6,TRUE,TRUE,,Время веселиться с блоками!,,,,,,"[""ru""]"
blockmaster:daily:ru:t7,TRUE,TRUE,,Твои ежедневные награды ждут!,,,,,,"[""ru""]"
blockmaster:daily:ru:t8,TRUE,TRUE,,Давай ломать блоки!,,,,,,"[""ru""]"
blockmaster:daily:ru:t9,TRUE,TRUE,,Головоломка дня готова!,,,,,,"[""ru""]"
blockmaster:daily:ru:t10,TRUE,TRUE,,Не пропусти бонус дня!,,,,,,"[""ru""]"
blockmaster:daily:ru:t11,TRUE,TRUE,,Твой звёздный час!,,,,,,"[""ru""]"
blockmaster:daily:ru:t12,TRUE,TRUE,,Новые блоки — новые эмоции!,,,,,,"[""ru""]"
blockmaster:daily:ru:t13,TRUE,TRUE,,Ежедневный челлендж открыт!,,,,,,"[""ru""]"
blockmaster:daily:ru:t14,TRUE,TRUE,,Играй с нами!,,,,,,"[""ru""]"
blockmaster:daily:ru:t15,TRUE,TRUE,,Сегодняшний уровень ждёт!,,,,,,"[""ru""]"
blockmaster:daily:ru:t16,TRUE,TRUE,,Вечеринка блоков началась!,,,,,,"[""ru""]"
blockmaster:daily:ru:t17,TRUE,TRUE,,Твоя порция веселья дня!,,,,,,"[""ru""]"
blockmaster:daily:ru:t18,TRUE,TRUE,,Готов повысить уровень?,,,,,,"[""ru""]"
blockmaster:daily:ru:t19,TRUE,TRUE,,Новый день — новые блоки!,,,,,,"[""ru""]"
blockmaster:daily:ru:t20,TRUE,TRUE,,Сделаем этот день крутым!,,,,,,"[""ru""]"
blockmaster:new-friend:ru:t1,TRUE,TRUE,,Твой друг присоединился!,,,,,,"[""ru""]"
blockmaster:new-friend:ru:t2,TRUE,TRUE,,Время играть вместе!,,,,,,"[""ru""]"
blockmaster:new-friend:ru:t3,TRUE,TRUE,,Вызови друга на бой!,,,,,,"[""ru""]"
blockmaster:new-friend:ru:t4,TRUE,TRUE,,Твой товарищ здесь!,,,,,,"[""ru""]"
blockmaster:new-friend:ru:t5,TRUE,TRUE,,Двойное веселье ждёт тебя!,,,,,,"[""ru""]"
blockmaster:new-friend:ru:t6,TRUE,TRUE,,Режим друга открыт!,,,,,,"[""ru""]"
blockmaster:new-friend:ru:t7,TRUE,TRUE,,Давай играть как команда!,,,,,,"[""ru""]"
blockmaster:new-friend:ru:t8,TRUE,TRUE,,Друг хочет поиграть!,,,,,,"[""ru""]"
blockmaster:new-friend:ru:t9,TRUE,TRUE,,Уровень дружбы активирован!,,,,,,"[""ru""]"
blockmaster:new-friend:ru:t10,TRUE,TRUE,,Два игрока — двойное веселье!,,,,,,"[""ru""]"
blockmaster:new-friend:ru:t11,TRUE,TRUE,,Друг принял вызов!,,,,,,"[""ru""]"
blockmaster:new-friend:ru:t12,TRUE,TRUE,,Твой напарник прибыл!,,,,,,"[""ru""]"
blockmaster:new-friend:ru:t13,TRUE,TRUE,,Режим друг против друга включен!,,,,,,"[""ru""]"
blockmaster:new-friend:ru:t14,TRUE,TRUE,,Играйте вместе прямо сейчас!,,,,,,"[""ru""]"
blockmaster:new-friend:ru:t15,TRUE,TRUE,,Друг готов!,,,,,,"[""ru""]"
blockmaster:new-friend:ru:t16,TRUE,TRUE,,Дуэль начинается!,,,,,,"[""ru""]"
blockmaster:new-friend:ru:t17,TRUE,TRUE,,Друзья играют лучше вместе!,,,,,,"[""ru""]"
blockmaster:new-friend:ru:t18,TRUE,TRUE,,Напарник в игре!,,,,,,"[""ru""]"
blockmaster:new-friend:ru:t19,TRUE,TRUE,,Объединяйтесь и побеждайте!,,,,,,"[""ru""]"
blockmaster:new-friend:ru:t20,TRUE,TRUE,,Доступен дружеский вызов!,,,,,,"[""ru""]"
blockmaster:lucky-chest:ru:t1,TRUE,TRUE,,Твой Сундук Удачи здесь! Забирай его!,,,,,,"[""ru""]"
blockmaster:lucky-chest:ru:t2,TRUE,TRUE,,Возвращайся в игру! Сундук Удачи ждёт тебя!,,,,,,"[""ru""]"
blockmaster:lucky-chest:ru:t3,TRUE,TRUE,,Сундук Удачи готов! Забирай награду!,,,,,,"[""ru""]"
blockmaster:lucky-chest:ru:t4,TRUE,TRUE,,Время играть! Твой Сундук Удачи открыт!,,,,,,"[""ru""]"
blockmaster:lucky-chest:ru:t5,TRUE,TRUE,,Возвращайся! Удачные сокровища ждут!,,,,,,"[""ru""]"
blockmaster:lucky-chest:ru:t6,TRUE,TRUE,,Твой Сундук Удачи полон! Заходи сейчас!,,,,,,"[""ru""]"
blockmaster:lucky-chest:ru:t7,TRUE,TRUE,,Оповещение о Сундуке Удачи! Забирай призы!,,,,,,"[""ru""]"
blockmaster:lucky-chest:ru:t8,TRUE,TRUE,,Возвращайся и открой Сундук Удачи!,,,,,,"[""ru""]"
blockmaster:lucky-chest:ru:t9,TRUE,TRUE,,Твоя награда готова! Возвращайся и играй!,,,,,,"[""ru""]"
blockmaster:lucky-chest:ru:t10,TRUE,TRUE,,"Сундук Удачи открыт! Посмотри, что внутри!",,,,,,"[""ru""]"
blockmaster:lucky-chest:ru:t11,TRUE,TRUE,,Возвращайся за удачным сюрпризом!,,,,,,"[""ru""]"
blockmaster:lucky-chest:ru:t12,TRUE,TRUE,,Твой Сундук Удачи не будет ждать! Заходи быстрее!,,,,,,"[""ru""]"
blockmaster:lucky-chest:ru:t13,TRUE,TRUE,,Что-то удачное ждёт! Заходи играть!,,,,,,"[""ru""]"
blockmaster:lucky-chest:ru:t14,TRUE,TRUE,,"Забирай Сундук Удачи, пока не исчез!",,,,,,"[""ru""]"
blockmaster:lucky-chest:ru:t15,TRUE,TRUE,,Удачные награды готовы! Возвращайся сейчас!,,,,,,"[""ru""]"
blockmaster:lucky-chest:ru:t16,TRUE,TRUE,,Твой Сундук Удачи переполнен! Заходи играть!,,,,,,"[""ru""]"
blockmaster:lucky-chest:ru:t17,TRUE,TRUE,,Заходи! Твой Сундук Удачи нужно открыть!,,,,,,"[""ru""]"
blockmaster:lucky-chest:ru:t18,TRUE,TRUE,,Возвращайся! Удачные призы ждут!,,,,,,"[""ru""]"
blockmaster:lucky-chest:ru:t19,TRUE,TRUE,,Время Сундука Удачи! Прыгай в игру!,,,,,,"[""ru""]"
blockmaster:lucky-chest:ru:t20,TRUE,TRUE,,Твоя удачная награда здесь! Заходи играть!,,,,,,"[""ru""]"
blockmaster:daily:fr:t1,TRUE,TRUE,,Reviens jouer aujourd’hui !,,,,,,"[""fr""]"
blockmaster:daily:fr:t2,TRUE,TRUE,,Tes blocs t’attendent !,,,,,,"[""fr""]"
blockmaster:daily:fr:t3,TRUE,TRUE,,Prêt pour le défi du jour ?,,,,,,"[""fr""]"
blockmaster:daily:fr:t4,TRUE,TRUE,,Vérifie ton rang du jour !,,,,,,"[""fr""]"
blockmaster:daily:fr:t5,TRUE,TRUE,,Tu nous as manqué hier !,,,,,,"[""fr""]"
blockmaster:daily:fr:t6,TRUE,TRUE,,C’est l’heure de s’amuser avec les blocs !,,,,,,"[""fr""]"
blockmaster:daily:fr:t7,TRUE,TRUE,,Tes récompenses t’attendent !,,,,,,"[""fr""]"
blockmaster:daily:fr:t8,TRUE,TRUE,,Éclatons des blocs !,,,,,,"[""fr""]"
blockmaster:daily:fr:t9,TRUE,TRUE,,Le puzzle du jour est prêt !,,,,,,"[""fr""]"
blockmaster:daily:fr:t10,TRUE,TRUE,,Ne rate pas le bonus du jour !,,,,,,"[""fr""]"
blockmaster:daily:fr:t11,TRUE,TRUE,,À ton tour de briller !,,,,,,"[""fr""]"
blockmaster:daily:fr:t12,TRUE,TRUE,,"Nouveaux blocs, nouveau fun !",,,,,,"[""fr""]"
blockmaster:daily:fr:t13,TRUE,TRUE,,Défi du jour débloqué !,,,,,,"[""fr""]"
blockmaster:daily:fr:t14,TRUE,TRUE,,Viens jouer avec nous !,,,,,,"[""fr""]"
blockmaster:daily:fr:t15,TRUE,TRUE,,Ton rang du jour t’attend !,,,,,,"[""fr""]"
blockmaster:daily:fr:t16,TRUE,TRUE,,La fête des blocs commence !,,,,,,"[""fr""]"
blockmaster:daily:fr:t17,TRUE,TRUE,,Ta dose fun du jour !,,,,,,"[""fr""]"
blockmaster:daily:fr:t18,TRUE,TRUE,,Prêt à monter de rang ?,,,,,,"[""fr""]"
blockmaster:daily:fr:t19,TRUE,TRUE,,"Nouveau jour, nouveaux blocs !",,,,,,"[""fr""]"
blockmaster:daily:fr:t20,TRUE,TRUE,,Rendons ce jour épique !,,,,,,"[""fr""]"
blockmaster:new-friend:fr:t1,TRUE,TRUE,,Ton ami vient de rejoindre !,,,,,,"[""fr""]"
blockmaster:new-friend:fr:t2,TRUE,TRUE,,Il est temps de jouer ensemble !,,,,,,"[""fr""]"
blockmaster:new-friend:fr:t3,TRUE,TRUE,,Défie ton ami maintenant !,,,,,,"[""fr""]"
blockmaster:new-friend:fr:t4,TRUE,TRUE,,Ton pote est là !,,,,,,"[""fr""]"
blockmaster:new-friend:fr:t5,TRUE,TRUE,,Double fun t’attend !,,,,,,"[""fr""]"
blockmaster:new-friend:fr:t6,TRUE,TRUE,,Mode ami débloqué !,,,,,,"[""fr""]"
blockmaster:new-friend:fr:t7,TRUE,TRUE,,Jouons en équipe !,,,,,,"[""fr""]"
blockmaster:new-friend:fr:t8,TRUE,TRUE,,Ton ami veut jouer !,,,,,,"[""fr""]"
blockmaster:new-friend:fr:t9,TRUE,TRUE,,Niveau d’amitié activé !,,,,,,"[""fr""]"
blockmaster:new-friend:fr:t10,TRUE,TRUE,,"Deux joueurs, deux fois plus de fun !",,,,,,"[""fr""]"
blockmaster:new-friend:fr:t11,TRUE,TRUE,,Ton ami a relevé le défi !,,,,,,"[""fr""]"
blockmaster:new-friend:fr:t12,TRUE,TRUE,,Ton pote de jeu est arrivé !,,,,,,"[""fr""]"
blockmaster:new-friend:fr:t13,TRUE,TRUE,,Mode ami contre ami activé !,,,,,,"[""fr""]"
blockmaster:new-friend:fr:t14,TRUE,TRUE,,Jouez ensemble maintenant !,,,,,,"[""fr""]"
blockmaster:new-friend:fr:t15,TRUE,TRUE,,Ton ami est prêt !,,,,,,"[""fr""]"
blockmaster:new-friend:fr:t16,TRUE,TRUE,,Défi en duo lancé !,,,,,,"[""fr""]"
blockmaster:new-friend:fr:t17,TRUE,TRUE,,Les amis jouent mieux ensemble !,,,,,,"[""fr""]"
blockmaster:new-friend:fr:t18,TRUE,TRUE,,Ton partenaire a rejoint la partie !,,,,,,"[""fr""]"
blockmaster:new-friend:fr:t19,TRUE,TRUE,,Formez une équipe et dominez !,,,,,,"[""fr""]"
blockmaster:new-friend:fr:t20,TRUE,TRUE,,Défi d’ami débloqué !,,,,,,"[""fr""]"
blockmaster:lucky-chest:fr:t1,TRUE,TRUE,,Ton Coffre Chanceux est là! Viens le prendre!,,,,,,"[""fr""]"
blockmaster:lucky-chest:fr:t2,TRUE,TRUE,,Reviens au jeu! Le Coffre Chanceux t'attend!,,,,,,"[""fr""]"
blockmaster:lucky-chest:fr:t3,TRUE,TRUE,,Coffre Chanceux prêt! Viens récupérer ta récompense!,,,,,,"[""fr""]"
blockmaster:lucky-chest:fr:t4,TRUE,TRUE,,C'est l'heure de jouer! Ton Coffre Chanceux est débloqué!,,,,,,"[""fr""]"
blockmaster:lucky-chest:fr:t5,TRUE,TRUE,,Reviens! Des trésors chanceux t'attendent!,,,,,,"[""fr""]"
blockmaster:lucky-chest:fr:t6,TRUE,TRUE,,Ton Coffre Chanceux est plein! Entre maintenant!,,,,,,"[""fr""]"
blockmaster:lucky-chest:fr:t7,TRUE,TRUE,,Alerte Coffre Chanceux! Viens collecter tes cadeaux!,,,,,,"[""fr""]"
blockmaster:lucky-chest:fr:t8,TRUE,TRUE,,Reviens et ouvre ton Coffre Chanceux!,,,,,,"[""fr""]"
blockmaster:lucky-chest:fr:t9,TRUE,TRUE,,Ta récompense est prête! Reviens et joue!,,,,,,"[""fr""]"
blockmaster:lucky-chest:fr:t10,TRUE,TRUE,,Coffre Chanceux débloqué! Viens voir ce qu'il y a dedans!,,,,,,"[""fr""]"
blockmaster:lucky-chest:fr:t11,TRUE,TRUE,,Reviens pour ta surprise chanceuse!,,,,,,"[""fr""]"
blockmaster:lucky-chest:fr:t12,TRUE,TRUE,,Ton Coffre Chanceux n'attendra pas! Entre vite!,,,,,,"[""fr""]"
blockmaster:lucky-chest:fr:t13,TRUE,TRUE,,Quelque chose de chanceux t'attend! Viens jouer!,,,,,,"[""fr""]"
blockmaster:lucky-chest:fr:t14,TRUE,TRUE,,Récupère ton Coffre Chanceux avant qu'il disparaisse!,,,,,,"[""fr""]"
blockmaster:lucky-chest:fr:t15,TRUE,TRUE,,Récompenses chanceuses prêtes! Reviens maintenant!,,,,,,"[""fr""]"
blockmaster:lucky-chest:fr:t16,TRUE,TRUE,,Ton Coffre Chanceux déborde! Viens jouer!,,,,,,"[""fr""]"
blockmaster:lucky-chest:fr:t17,TRUE,TRUE,,Entre! Ton Coffre Chanceux doit être ouvert!,,,,,,"[""fr""]"
blockmaster:lucky-chest:fr:t18,TRUE,TRUE,,Reviens! Des cadeaux chanceux t'attendent!,,,,,,"[""fr""]"
blockmaster:lucky-chest:fr:t19,TRUE,TRUE,,C'est l'heure du Coffre Chanceux! Saute dans le jeu!,,,,,,"[""fr""]"
blockmaster:lucky-chest:fr:t20,TRUE,TRUE,,Ta récompense chanceuse est ici! Viens jouer!,,,,,,"[""fr""]"
blockmaster:daily:th:t1,TRUE,TRUE,,กลับมาเล่นวันนี้เลย!,,,,,,"[""th""]"
blockmaster:daily:th:t2,TRUE,TRUE,,บล็อกของคุณรออยู่!,,,,,,"[""th""]"
blockmaster:daily:th:t3,TRUE,TRUE,,พร้อมลุยกับความท้าวันนี้ไหม?,,,,,,"[""th""]"
blockmaster:daily:th:t4,TRUE,TRUE,,เช็คแรงค์ประจำวันของคุณ!,,,,,,"[""th""]"
blockmaster:daily:th:t5,TRUE,TRUE,,เมื่อวานคุณหายไปนะ!,,,,,,"[""th""]"
blockmaster:daily:th:t6,TRUE,TRUE,,ได้เวลาสนุกกับบล็อกแล้ว!,,,,,,"[""th""]"
blockmaster:daily:th:t7,TRUE,TRUE,,รางวัลประจำวันของคุณรออยู่!,,,,,,"[""th""]"
blockmaster:daily:th:t8,TRUE,TRUE,,มาเคลียร์บล็อกกันเถอะ!,,,,,,"[""th""]"
blockmaster:daily:th:t9,TRUE,TRUE,,ปริศนาของวันนี้พร้อมแล้ว!,,,,,,"[""th""]"
blockmaster:daily:th:t10,TRUE,TRUE,,อย่าพลาดโบนัสวันนี้นะ!,,,,,,"[""th""]"
blockmaster:daily:th:t11,TRUE,TRUE,,ถึงเวลาของคุณแล้ว!,,,,,,"[""th""]"
blockmaster:daily:th:t12,TRUE,TRUE,,บล็อกใหม่ สนุกใหม่!,,,,,,"[""th""]"
blockmaster:daily:th:t13,TRUE,TRUE,,ปลดล็อกภารกิจรายวันแล้ว!,,,,,,"[""th""]"
blockmaster:daily:th:t14,TRUE,TRUE,,มาเล่นด้วยกันเถอะ!,,,,,,"[""th""]"
blockmaster:daily:th:t15,TRUE,TRUE,,แรงค์ของวันนี้รออยู่!,,,,,,"[""th""]"
blockmaster:daily:th:t16,TRUE,TRUE,,ปาร์ตี้บล็อกเริ่มแล้ว!,,,,,,"[""th""]"
blockmaster:daily:th:t17,TRUE,TRUE,,ความสนุกประจำวันของคุณ!,,,,,,"[""th""]"
blockmaster:daily:th:t18,TRUE,TRUE,,พร้อมอัปแรงค์หรือยัง?,,,,,,"[""th""]"
blockmaster:daily:th:t19,TRUE,TRUE,,วันใหม่ บล็อกใหม่!,,,,,,"[""th""]"
blockmaster:daily:th:t20,TRUE,TRUE,,มาทำให้วันนี้สุดยอดกันเถอะ!,,,,,,"[""th""]"
blockmaster:new-friend:th:t1,TRUE,TRUE,,เพื่อนของคุณเข้าร่วมแล้ว!,,,,,,"[""th""]"
blockmaster:new-friend:th:t2,TRUE,TRUE,,ได้เวลาเล่นด้วยกันแล้ว!,,,,,,"[""th""]"
blockmaster:new-friend:th:t3,TRUE,TRUE,,ท้าเพื่อนของคุณเลย!,,,,,,"[""th""]"
blockmaster:new-friend:th:t4,TRUE,TRUE,,เพื่อนของคุณมาแล้ว!,,,,,,"[""th""]"
blockmaster:new-friend:th:t5,TRUE,TRUE,,ความสนุกคูณสองกำลังรออยู่!,,,,,,"[""th""]"
blockmaster:new-friend:th:t6,TRUE,TRUE,,ปลดล็อกโหมดเพื่อนแล้ว!,,,,,,"[""th""]"
blockmaster:new-friend:th:t7,TRUE,TRUE,,มาเล่นเป็นทีมกันเถอะ!,,,,,,"[""th""]"
blockmaster:new-friend:th:t8,TRUE,TRUE,,เพื่อนของคุณอยากเล่นด้วย!,,,,,,"[""th""]"
blockmaster:new-friend:th:t9,TRUE,TRUE,,เปิดระดับมิตรภาพแล้ว!,,,,,,"[""th""]"
blockmaster:new-friend:th:t10,TRUE,TRUE,,ผู้เล่น 2 คน สนุกคูณสอง!,,,,,,"[""th""]"
blockmaster:new-friend:th:t11,TRUE,TRUE,,เพื่อนของคุณรับคำท้าแล้ว!,,,,,,"[""th""]"
blockmaster:new-friend:th:t12,TRUE,TRUE,,เพื่อนเล่นของคุณมาถึงแล้ว!,,,,,,"[""th""]"
blockmaster:new-friend:th:t13,TRUE,TRUE,,โหมดเพื่อนปะทะเพื่อนเริ่มแล้ว!,,,,,,"[""th""]"
blockmaster:new-friend:th:t14,TRUE,TRUE,,เล่นด้วยกันตอนนี้เลย!,,,,,,"[""th""]"
blockmaster:new-friend:th:t15,TRUE,TRUE,,เพื่อนของคุณพร้อมแล้ว!,,,,,,"[""th""]"
blockmaster:new-friend:th:t16,TRUE,TRUE,,เริ่มภารกิจดูโอแล้ว!,,,,,,"[""th""]"
blockmaster:new-friend:th:t17,TRUE,TRUE,,เล่นกับเพื่อนสนุกที่สุด!,,,,,,"[""th""]"
blockmaster:new-friend:th:t18,TRUE,TRUE,,คู่หูของคุณเข้าร่วมเกมแล้ว!,,,,,,"[""th""]"
blockmaster:new-friend:th:t19,TRUE,TRUE,,รวมทีมแล้วลุยเลย!,,,,,,"[""th""]"
blockmaster:new-friend:th:t20,TRUE,TRUE,,ปลดล็อกภารกิจเพื่อนแล้ว!,,,,,,"[""th""]"
blockmaster:lucky-chest:th:t1,TRUE,TRUE,,หีบโชคดีของคุณมาแล้ว! มารับเลย!,,,,,,"[""th""]"
blockmaster:lucky-chest:th:t2,TRUE,TRUE,,กลับมาเล่นเกม! หีบโชคดีรอคุณอยู่!,,,,,,"[""th""]"
blockmaster:lucky-chest:th:t3,TRUE,TRUE,,หีบโชคดีพร้อมแล้ว! มารับรางวัลเลย!,,,,,,"[""th""]"
blockmaster:lucky-chest:th:t4,TRUE,TRUE,,ถึงเวลาเล่น! หีบโชคดีของคุณปลดล็อกแล้ว!,,,,,,"[""th""]"
blockmaster:lucky-chest:th:t5,TRUE,TRUE,,กลับมาเลย! ขุมทรัพย์โชคดีรออยู่!,,,,,,"[""th""]"
blockmaster:lucky-chest:th:t6,TRUE,TRUE,,หีบโชคดีของคุณเต็มแล้ว! เข้ามาเลย!,,,,,,"[""th""]"
blockmaster:lucky-chest:th:t7,TRUE,TRUE,,แจ้งเตือนหีบโชคดี! มาเก็บของรางวัลกันเถอะ!,,,,,,"[""th""]"
blockmaster:lucky-chest:th:t8,TRUE,TRUE,,กลับมาและเปิดหีบโชคดีของคุณ!,,,,,,"[""th""]"
blockmaster:lucky-chest:th:t9,TRUE,TRUE,,รางวัลของคุณพร้อมแล้ว! กลับมาเล่นเลย!,,,,,,"[""th""]"
blockmaster:lucky-chest:th:t10,TRUE,TRUE,,หีบโชคดีปลดล็อกแล้ว! มาดูว่าข้างในมีอะไร!,,,,,,"[""th""]"
blockmaster:lucky-chest:th:t11,TRUE,TRUE,,กลับมารับเซอร์ไพรส์โชคดีของคุณ!,,,,,,"[""th""]"
blockmaster:lucky-chest:th:t12,TRUE,TRUE,,หีบโชคดีของคุณไม่รอนานหรอก! เข้ามาเร็ว!,,,,,,"[""th""]"
blockmaster:lucky-chest:th:t13,TRUE,TRUE,,มีสิ่งดีๆ รออยู่! มาเล่นเลย!,,,,,,"[""th""]"
blockmaster:lucky-chest:th:t14,TRUE,TRUE,,รับหีบโชคดีก่อนที่จะหายไป!,,,,,,"[""th""]"
blockmaster:lucky-chest:th:t15,TRUE,TRUE,,รางวัลโชคดีพร้อมแล้ว! กลับมาเดี๋ยวนี้!,,,,,,"[""th""]"
blockmaster:lucky-chest:th:t16,TRUE,TRUE,,หีบโชคดีของคุณล้นแล้ว! มาเล่นเลย!,,,,,,"[""th""]"
blockmaster:lucky-chest:th:t17,TRUE,TRUE,,เข้ามา! หีบโชคดีของคุณต้องเปิดแล้ว!,,,,,,"[""th""]"
blockmaster:lucky-chest:th:t18,TRUE,TRUE,,กลับมาเลย! ของรางวัลโชคดีรออยู่!,,,,,,"[""th""]"
blockmaster:lucky-chest:th:t19,TRUE,TRUE,,ถึงเวลาหีบโชคดี! กระโดดเข้าเกมเลย!,,,,,,"[""th""]"
blockmaster:lucky-chest:th:t20,TRUE,TRUE,,รางวัลโชคดีของคุณมาแล้ว! มาเล่นเลย!,,,,,,"[""th""]"
blockmaster:daily:en:play-button,TRUE,TRUE,,Play Now!,,,,,,"[""en""]"
blockmaster:daily:ar:play-button,TRUE,TRUE,,العب الآن!,,,,,,"[""ar""]"
blockmaster:daily:es:play-button,TRUE,TRUE,,¡Juega ahora!,,,,,,"[""es""]"
blockmaster:daily:pt:play-button,TRUE,TRUE,,Jogue agora!,,,,,,"[""pt""]"
blockmaster:daily:id:play-button,TRUE,TRUE,,Main sekarang!,,,,,,"[""id""]"
blockmaster:daily:ru:play-button,TRUE,TRUE,,Играй сейчас!,,,,,,"[""ru""]"
blockmaster:daily:fr:play-button,TRUE,TRUE,,Joue maintenant !,,,,,,"[""fr""]"
blockmaster:daily:th:play-button,TRUE,TRUE,,เล่นเลยตอนนี้!,,,,,,"[""th""]"
blockmaster:new-friend:en:play-button,TRUE,TRUE,,Play Now!,,,,,,"[""en""]"
blockmaster:new-friend:ar:play-button,TRUE,TRUE,,العب الآن!,,,,,,"[""ar""]"
blockmaster:new-friend:es:play-button,TRUE,TRUE,,¡Juega ahora!,,,,,,"[""es""]"
blockmaster:new-friend:pt:play-button,TRUE,TRUE,,Jogue agora!,,,,,,"[""pt""]"
blockmaster:new-friend:id:play-button,TRUE,TRUE,,Main sekarang!,,,,,,"[""id""]"
blockmaster:new-friend:ru:play-button,TRUE,TRUE,,Играй сейчас!,,,,,,"[""ru""]"
blockmaster:new-friend:fr:play-button,TRUE,TRUE,,Joue maintenant !,,,,,,"[""fr""]"
blockmaster:new-friend:th:play-button,TRUE,TRUE,,เล่นเลยตอนนี้!,,,,,,"[""th""]"
blockmaster:lucky-chest:en:play-button,TRUE,TRUE,,Play Now!,,,,,,"[""en""]"
blockmaster:lucky-chest:ar:play-button,TRUE,TRUE,,العب الآن!,,,,,,"[""ar""]"
blockmaster:lucky-chest:es:play-button,TRUE,TRUE,,¡Juega ahora!,,,,,,"[""es""]"
blockmaster:lucky-chest:pt:play-button,TRUE,TRUE,,Jogue agora!,,,,,,"[""pt""]"
blockmaster:lucky-chest:id:play-button,TRUE,TRUE,,Main sekarang!,,,,,,"[""id""]"
blockmaster:lucky-chest:ru:play-button,TRUE,TRUE,,Играй сейчас!,,,,,,"[""ru""]"
blockmaster:lucky-chest:fr:play-button,TRUE,TRUE,,Joue maintenant !,,,,,,"[""fr""]"
blockmaster:lucky-chest:th:play-button,TRUE,TRUE,,เล่นเลยตอนนี้!,,,,,,"[""th""]"