적용,확정,Event,기록시점,Data 요약,Sample Data
,,0xxx 로딩 관련 지표,,,
TRUE,TRUE,ALL_LOAD_FB,FB LOADING / FBInstant SDK 다운로드가 완료된 시점,,
,,1xxx 로그인 관련 지표,,,
FALSE,TRUE,1000_LOGIN_COMPLETE,로그인 완료시,"FB entry, payload data","{""entry"": ""ad"", ""payload"": {""$channel"": ""AD"", ""join_timestamp"": 1656769772.363, ""fb_instant_game_ad_id"": ""23850702072570305""}}"
FALSE,TRUE,1010_LOAD_COMPLETE,INGAME LOADING / 로딩에서 다음 씬으로 랜딩하는 시점,,
FALSE,TRUE,1110_PLAYTIME_10S,로그인 완료후 n초 경과시,,
FALSE,TRUE,1120_PLAYTIME_30S,,,
FALSE,TRUE,1130_PLAYTIME_60S,,,
FALSE,TRUE,1140_PLAYTIME_120S,,,
FALSE,TRUE,1150_PLAYTIME_180S,,,
FALSE,TRUE,1160_PLAYTIME_240S,,,
FALSE,TRUE,1170_PLAYTIME_300S,,,
FALSE,TRUE,1180_PLAYTIME_600S,,,
FALSE,TRUE,1190_PLAYTIME_900S,,,
FALSE,TRUE,1200_PLAYTIME_1200S,,,
FALSE,TRUE,1210_PLAYTIME_1800S,,,
FALSE,TRUE,1220_PLAYTIME_3600S,,,
,,2xxx 게임 플레이 관련 로그,,,
,,2xxx-0 프리레벨 & 진입,,,
FALSE,TRUE,2090_PRE_LEVEL_SHOW,"Pre-Level 팝업 노출 시","진입 위치, 레벨, 보유 골드","{""position"":""lobby"",""level"":""5"",""gold_balance"":""8000""}"
FALSE,TRUE,2091_PRE_LEVEL_BOOSTER_SELECT,"Pre-Level에서 프리부스터 선택 시","부스터 타입, 가격, 보유 수량","{""booster_type"":""fireworks"",""price"":""600"",""owned_count"":""2""}"
FALSE,TRUE,2092_PRE_LEVEL_BOOSTER_DESELECT,"Pre-Level에서 프리부스터 선택 해제 시","부스터 타입","{""booster_type"":""fireworks""}"
FALSE,TRUE,2093_PRE_LEVEL_BETTING,"Pre-Level에서 베팅 배수 변경 시","변경 전 배수, 변경 후 배수, 엔트리 비용","{""from"":""x1"",""to"":""x2"",""entry_cost"":""2000""}"
FALSE,TRUE,2094_PRE_LEVEL_PLAY,"Pre-Level에서 PLAY 버튼 터치 시","진입 위치, 레벨, 베팅 배수, 선택 부스터, 엔트리 비용, 엔트리 타입","{""position"":""lobby"",""level"":""5"",""betting"":""x2"",""boosters"":[""fireworks""],""entry_cost"":""2000"",""entry_type"":""gold""}"
FALSE,TRUE,2095_PRE_LEVEL_GOLD_SHORTAGE,"Pre-Level에서 골드 부족으로 PLAY 실패 시","보유 골드, 필요 골드, 레벨","{""gold_balance"":""500"",""required"":""2000"",""level"":""5""}"
FALSE,TRUE,2096_PRE_LEVEL_CLOSE,"Pre-Level 팝업 닫기 (상점 이동 등) 시","진입 위치, 레벨","{""position"":""lobby"",""level"":""5""}"
FALSE,TRUE,2097_PRE_LEVEL_INVITE,"Pre-Level에서 친구 초대 버튼 터치 시","레벨","{""level"":""5""}"
,,2xxx-00 게임 시작 & NRU,,,
FALSE,TRUE,2100_GAMEPLAY_START,"각 판이 시작될 때","진입 위치, 난이도 티어, 시드ID, 맵ID, 첫세션 여부, 베팅 배수, 엔트리 비용, 엔트리 타입, 선택 부스터","{""position"":""lobby"",""difficulty_tier"":""02"",""seed"":""seedid"",""map_id"":""map_001"",""session_first"":""true"",""betting"":""x1"",""entry_cost"":""1000"",""entry_type"":""gold"",""boosters"":[]}"
FALSE,FALSE,2109_GAMEPLAY_FIRST_TOUCH,NRU진입 후 첫 카드 터치 시,,
FALSE,TRUE,2110_TUTO_INGAME_INTRO,Lv1 카드 매칭 기본 안내 노출 시,"가이드키, 레벨","{""guide_key"":""230001"",""level"":""1""}"
FALSE,TRUE,2111_TUTO_DECK_DRAW,Lv2 덱 뒤집기 안내 노출 시,"가이드키, 레벨","{""guide_key"":""230002"",""level"":""2""}"
FALSE,TRUE,2112_TUTO_LOBBY_PLAY,Lv1 클리어 후 로비 게임시작 버튼 강제 노출 시,"가이드키, 레벨","{""guide_key"":""230003"",""level"":""1""}"
FALSE,TRUE,2113_TUTO_SHOP,Lv3 클리어 후 상점 아이콘 해금 안내 노출 시,"가이드키, 레벨","{""guide_key"":""230004"",""level"":""3""}"
FALSE,TRUE,2114_TUTO_PRE_LEVEL_POPUP,Lv2 클리어 후 프리레벨 팝업 UI 안내 노출 시,"가이드키, 레벨","{""guide_key"":""230005"",""level"":""2""}"
FALSE,TRUE,2115_TUTO_IDLE_GOLD,Lv4 클리어 후 방치골드 해금+수령 강제 노출 시,"가이드키, 레벨","{""guide_key"":""230006"",""level"":""4""}"
FALSE,TRUE,2116_TUTO_PLUS_CARD,Lv4 인게임 플러스카드 안내 노출 시,"가이드키, 레벨","{""guide_key"":""230007"",""level"":""4""}"
FALSE,TRUE,2117_TUTO_IDLE_GOLD_COLLECT,Lv4 방치골드 수령 터치 유도 노출 시,"가이드키, 레벨","{""guide_key"":""230008"",""level"":""4""}"
FALSE,TRUE,2118_TUTO_DAILY_CHECK,Lv4 클리어 후 출석체크 아이콘 터치 유도 노출 시,"가이드키, 레벨","{""guide_key"":""230009"",""level"":""4""}"
FALSE,TRUE,2119_TUTO_STREAK,Lv5 인게임 스트릭 미터 안내 노출 시,"가이드키, 레벨","{""guide_key"":""230010"",""level"":""5""}"
FALSE,TRUE,2120_TUTO_LEADERBOARD,Lv5 클리어 후 리더보드 터치 유도 노출 시,"가이드키, 레벨","{""guide_key"":""230011"",""level"":""5""}"
FALSE,TRUE,2121_TUTO_COLLECTION,Lv6 클리어 후 콜렉션 해금+터치 유도 노출 시,"가이드키, 레벨","{""guide_key"":""230012"",""level"":""6""}"
FALSE,TRUE,2122_TUTO_BOOSTER_UNDO,Lv7 Undo 부스터 해금 안내 노출 시,"가이드키, 레벨","{""guide_key"":""230013"",""level"":""7""}"
FALSE,TRUE,2123_TUTO_BOOSTER_FIREWORKS,Lv7 Fireworks 부스터 해금 안내 노출 시,"가이드키, 레벨","{""guide_key"":""230014"",""level"":""7""}"
FALSE,TRUE,2124_TUTO_BOOSTER_WILDCARD,Lv7 Wild Card 부스터 해금 안내 노출 시,"가이드키, 레벨","{""guide_key"":""230015"",""level"":""7""}"
FALSE,TRUE,2125_TUTO_BOOSTER_EXTRADECK,덱 소진+매칭불가 시 Extra Deck 안내 노출 시,"가이드키, 레벨","{""guide_key"":""230016"",""level"":""7""}"
FALSE,TRUE,2126_TUTO_CITY_DECO,Lv8 클리어 후 도시 꾸미기 강제 노출 시,"가이드키, 레벨","{""guide_key"":""230017"",""level"":""8""}"
FALSE,TRUE,2127_TUTO_BETTING_2,Lv9 클리어 후 베팅 x2 해금 안내 노출 시,"가이드키, 레벨","{""guide_key"":""230018"",""level"":""9""}"
FALSE,TRUE,2128_TUTO_DAILY_WHEEL,Lv9 클리어 후 데일리 휠 터치 유도 노출 시,"가이드키, 레벨","{""guide_key"":""230019"",""level"":""9""}"
FALSE,TRUE,2129_TUTO_EVENT_FORCED,Lv12 클리어 후 이벤트 강제 터치 유도 노출 시,"가이드키, 레벨","{""guide_key"":""230020"",""level"":""12""}"
FALSE,TRUE,2130_TUTO_GIMMICK_RUNNER,Lv14 러너카드 기믹 안내 노출 시,"가이드키, 레벨","{""guide_key"":""230021"",""level"":""14""}"
FALSE,TRUE,2131_TUTO_BETTING_4,Lv17 베팅 x4 해금 안내 노출 시,"가이드키, 레벨","{""guide_key"":""230022"",""level"":""17""}"
FALSE,TRUE,2132_TUTO_GIMMICK_LOCK_KEY,Lv19 자물쇠+열쇠 기믹 안내 노출 시,"가이드키, 레벨","{""guide_key"":""230023"",""level"":""19""}"
FALSE,TRUE,2133_TUTO_GIMMICK_ROPE,Lv25 밧줄 기믹 안내 노출 시,"가이드키, 레벨","{""guide_key"":""230024"",""level"":""25""}"
FALSE,TRUE,2134_TUTO_CITY_DECO_REPEAT,해머 보유 시 도시 꾸미기 강제 (반복) 노출 시,"가이드키, 레벨","{""guide_key"":""230026"",""level"":""any""}"
FALSE,TRUE,2135_TUTO_GIMMICK_LOCK_TIP,키락 카드 터치 시 floating 말풍선 (반복) 노출 시,"가이드키, 레벨","{""guide_key"":""230027"",""level"":""any""}"
FALSE,TRUE,2140_TUTO_GRADUATED,"튜토리얼 졸업 시 (Lv8→9 전환)","총 플레이 시간, 총 플레이 횟수, 보유 자원","{""total_time"":""1200"",""total_plays"":""8"",""gold"":""5000"",""ticket"":""2""}"
FALSE,TRUE,2141_TUTO_STEP_COMPLETE,튜토리얼 개별 스텝 완료 시,"가이드키, content_id, 소요 시간","{""guide_key"":""230004"",""content_id"":""content_shop"",""duration"":""5""}"
FALSE,TRUE,2150_GAMEPLAY_NRU_CARD_MATCH,신규 유저가 첫 번째 카드 매칭을 완료한 경우,"난이도 티어, 시드ID, 맵ID","{""difficulty_tier"":""01"",""seed"":""seedid"",""map_id"":""map_001""}"
FALSE,TRUE,2151_GAMEPLAY_NRU_MATCHES,신규 유저의 첫 번째 판 카드 매칭 횟수,"난이도 티어, 시드ID, 맵ID, 최종 점수, 매칭 횟수","{""difficulty_tier"":""01"",""seed"":""seedid"",""map_id"":""map_001"",""score"":""5000"",""match_count"":""15""}"
,,2xxx-1 부스터 사용 로그,,,
FALSE,TRUE,2160_GAMEPLAY_ITEM_UNDO_TRY,Undo 부스터 사용 시도 시 (버튼),"난이도 티어, 시드ID, 타입, 사용 횟수, 가격","{""difficulty_tier"":""02"",""seed"":""seedid"",""type"":""paid"",""use_count"":""1"",""price"":""600""}"
FALSE,TRUE,2161_GAMEPLAY_ITEM_UNDO_SUCCESS,Undo 부스터 사용 성공 시,"난이도 티어, 시드ID, 타입, 사용 횟수","{""difficulty_tier"":""02"",""seed"":""seedid"",""type"":""paid"",""use_count"":""1""}"
FALSE,TRUE,2162_GAMEPLAY_ITEM_UNDO_FAIL,Undo 부스터 사용 실패 시,"난이도 티어, 시드ID, error_code, error_message, 타입","{""difficulty_tier"":""02"",""seed"":""seedid"",""error_code"":""code"",""error_message"":""message"",""type"":""paid""}"
FALSE,TRUE,2163_GAMEPLAY_ITEM_UNDO_UNLOCK,Undo 부스터 해금 화면 노출 시,,
FALSE,TRUE,2170_GAMEPLAY_ITEM_FIREWORKS_TRY,Fireworks 부스터 사용 시도 시 (버튼),"난이도 티어, 시드ID, 타입, 가격","{""difficulty_tier"":""02"",""seed"":""seedid"",""type"":""paid"",""price"":""600""}"
FALSE,TRUE,2171_GAMEPLAY_ITEM_FIREWORKS_SUCCESS,Fireworks 부스터 사용 성공 시,"난이도 티어, 시드ID, 타입, 제거 카드 수","{""difficulty_tier"":""02"",""seed"":""seedid"",""type"":""paid"",""removed_cards"":""3""}"
FALSE,TRUE,2172_GAMEPLAY_ITEM_FIREWORKS_FAIL,Fireworks 부스터 사용 실패 시,"난이도 티어, 시드ID, error_code, error_message, 타입","{""difficulty_tier"":""02"",""seed"":""seedid"",""error_code"":""code"",""error_message"":""message"",""type"":""paid""}"
FALSE,TRUE,2173_GAMEPLAY_ITEM_FIREWORKS_UNLOCK,Fireworks 부스터 해금 화면 노출 시,,
FALSE,TRUE,2180_GAMEPLAY_ITEM_WILDCARD_TRY,Wild Card 부스터 사용 시도 시 (버튼),"난이도 티어, 시드ID, 타입, 가격","{""difficulty_tier"":""02"",""seed"":""seedid"",""type"":""paid"",""price"":""500""}"
FALSE,TRUE,2181_GAMEPLAY_ITEM_WILDCARD_SUCCESS,Wild Card 부스터 사용 성공 시,"난이도 티어, 시드ID, 타입","{""difficulty_tier"":""02"",""seed"":""seedid"",""type"":""paid""}"
FALSE,TRUE,2182_GAMEPLAY_ITEM_WILDCARD_FAIL,Wild Card 부스터 사용 실패 시,"난이도 티어, 시드ID, error_code, error_message, 타입","{""difficulty_tier"":""02"",""seed"":""seedid"",""error_code"":""code"",""error_message"":""message"",""type"":""paid""}"
FALSE,TRUE,2183_GAMEPLAY_ITEM_WILDCARD_UNLOCK,Wild Card 부스터 해금 화면 노출 시,,
FALSE,TRUE,2190_GAMEPLAY_ITEM_EXTRADECK_TRY,Extra Deck 부스터 사용 시도 시 (버튼),"난이도 티어, 시드ID, 타입, 사용 횟수, 가격","{""difficulty_tier"":""02"",""seed"":""seedid"",""type"":""paid"",""use_count"":""1"",""price"":""1000""}"
FALSE,TRUE,2191_GAMEPLAY_ITEM_EXTRADECK_SUCCESS,Extra Deck 부스터 사용 성공 시,"난이도 티어, 시드ID, 타입, 추가 카드 수","{""difficulty_tier"":""02"",""seed"":""seedid"",""type"":""paid"",""extra_cards"":""5""}"
FALSE,TRUE,2192_GAMEPLAY_ITEM_EXTRADECK_FAIL,Extra Deck 부스터 사용 실패 시,"난이도 티어, 시드ID, error_code, error_message, 타입","{""difficulty_tier"":""02"",""seed"":""seedid"",""error_code"":""code"",""error_message"":""message"",""type"":""paid""}"
FALSE,TRUE,2193_GAMEPLAY_ITEM_EXTRADECK_UNLOCK,Extra Deck 부스터 해금 화면 노출 시,,
FALSE,TRUE,2195_GAMEPLAY_ITEM_GOLDENTICKET_TRY,Golden Ticket 부스터 사용 시도 시,"난이도 티어, 시드ID, 타입, 가격","{""difficulty_tier"":""02"",""seed"":""seedid"",""type"":""paid"",""price"":""800""}"
FALSE,TRUE,2196_GAMEPLAY_ITEM_GOLDENTICKET_SUCCESS,Golden Ticket 부스터 사용 성공 시,"난이도 티어, 시드ID, 타입","{""difficulty_tier"":""02"",""seed"":""seedid"",""type"":""paid""}"
FALSE,TRUE,2197_GAMEPLAY_ITEM_GOLDENTICKET_FAIL,Golden Ticket 부스터 사용 실패 시,"난이도 티어, 시드ID, error_code, error_message, 타입","{""difficulty_tier"":""02"",""seed"":""seedid"",""error_code"":""code"",""error_message"":""message"",""type"":""paid""}"
FALSE,TRUE,2198_GAMEPLAY_ITEM_INFINITE_USE,무한 부스터 아이템 사용 시,"난이도 티어, 시드ID, 부스터 타입, 잔여 시간(초)","{""difficulty_tier"":""02"",""seed"":""seedid"",""booster_type"":""undo"",""remaining_sec"":""600""}"
FALSE,TRUE,2199_GAMEPLAY_FREE_BOOSTER_USE,튜토리얼 무료 부스터 사용 시,"난이도 티어, 시드ID, 부스터 타입, 잔여 무료 수량","{""difficulty_tier"":""01"",""seed"":""seedid"",""booster_type"":""wild_card"",""free_remaining"":""2""}"
,,2xxx-2 스트릭 & 콤보 보상 로그,,,
FALSE,TRUE,2210_GAMEPLAY_COMBO_REWARD,콤보 보상 획득 시,"난이도 티어, 시드ID, 콤보 카운트, 콤보 골드","{""difficulty_tier"":""02"",""seed"":""seedid"",""combo_count"":""5"",""combo_gold"":""20""}"
FALSE,TRUE,2211_GAMEPLAY_STREAK_METER_FILL,스트릭 미터 목표 달성 시,"난이도 티어, 시드ID, 보상 골드","{""difficulty_tier"":""02"",""seed"":""seedid"",""reward_gold"":""100""}"
FALSE,TRUE,2212_GAMEPLAY_STREAK_STAR_EARN,스트릭 스타 획득 시,"난이도 티어, 시드ID, 스타 수량","{""difficulty_tier"":""02"",""seed"":""seedid"",""star_count"":""3""}"
FALSE,TRUE,2213_GAMEPLAY_DECK_BONUS,덱 보너스 획득 시 (클리어 후 잔여 카드),"난이도 티어, 시드ID, 잔여 카드 수, 보너스 골드","{""difficulty_tier"":""02"",""seed"":""seedid"",""remaining_cards"":""3"",""bonus_gold"":""150""}"
,,2xxx-3 인게임 설정 & 나가기 로그,,,
FALSE,TRUE,2251_GAMEPLAY_SETTING_LEAVE,플레이 화면에서의 설정 팝업에서 나가기 시,"난이도 티어, 시드ID, 최종 점수, 매칭 횟수","{""difficulty_tier"":""02"",""seed"":""seedid"",""score"":""5000"",""match_count"":""15""}"
FALSE,TRUE,2260_GAMEPLAY_END_SURE,나가기 확인 팝업 노출 시,"난이도 티어, 시드ID","{""difficulty_tier"":""02"",""seed"":""seedid""}"
FALSE,TRUE,2261_GAMEPLAY_END_SURE_NO,"나가기 확인 팝업에서 닫기 버튼(X,Continue) 선택 시","난이도 티어, 시드ID","{""difficulty_tier"":""02"",""seed"":""seedid""}"
FALSE,TRUE,2262_GAMEPLAY_END_SURE_YES,나가기 확인 팝업에서 나가기 선택 시,"난이도 티어, 시드ID","{""difficulty_tier"":""02"",""seed"":""seedid""}"
,,2xxx-3a 인게임 골드 충전,,,
FALSE,TRUE,2270_INGAME_GOLD_CHARGE_POPUP,인게임 골드 부족 시 충전 팝업 노출 시,"보유 골드, 필요 골드","{""gold_balance"":""500"",""required"":""2000""}"
FALSE,TRUE,2271_INGAME_GOLD_CHARGE_TRY,인게임 골드 충전 시도 시 (RV/IAP),"충전 방식, 충전량","{""charge_type"":""rv"",""charge_amount"":""2000""}"
FALSE,TRUE,2272_INGAME_GOLD_CHARGE_CLOSE,인게임 골드 충전 팝업 닫기 시,,
,,2xxx-4 게임 종료 & 결과 로그,,,
FALSE,TRUE,2300_GAMEPLAY_FINISH,각 판이 종료되었을 때,"난이도 티어, 시드ID, 맵ID, 결과, 플레이 타임, 최종 점수, 매칭 횟수, 베팅 배수, 콤보 최대치, 부스터 사용 횟수","{""difficulty_tier"":""02"",""seed"":""seedid"",""map_id"":""map_001"",""result"":""clear"",""play_time"":""120"",""score"":""8000"",""match_count"":""28"",""betting"":""x1"",""max_combo"":""7"",""booster_used"":""2""}"
FALSE,TRUE,2400_FINISH_RESULT,결과 화면 노출 시,"난이도 티어, 시드ID, 맵ID, 결과, 최종 점수, 콤보 골드 합계, 덱 보너스, 스트릭 보상, 진행중 이벤트 ID, 이벤트 진행 상황","{""difficulty_tier"":""02"",""seed"":""seedid"",""map_id"":""map_001"",""result"":""clear"",""score"":""8000"",""combo_gold_total"":""200"",""deck_bonus"":""150"",""streak_reward"":""100"",""event_ongoing"":""90001"",""event_progress"":""3""}"
FALSE,TRUE,2410_FINISH_RESULT_CLAIM,결과 화면에서 보상 획득 시,보상 금액,"{""reward_gold"":""500""}"
FALSE,TRUE,2420_FINISH_RESULT_DOUBLE_CLAIM_TRY,결과 화면에서 2배 보상 획득 시도 시 (RV),,
FALSE,TRUE,2421_FINISH_RESULT_DOUBLE_CLAIM_SUCCESS,결과 화면에서 2배 보상 획득 성공 시,보상 금액,"{""reward_gold"":""1000""}"
FALSE,TRUE,2422_FINISH_RESULT_DOUBLE_CLAIM_FAIL,결과 화면에서 2배 보상 획득 실패 시,"error_code, error_message","{""error_code"":""code"",""error_message"":""message""}"
FALSE,TRUE,2430_FINISH_RESULT_HOME,결과 화면에서 홈 버튼 터치 시,,
,,2xxx-5 베팅 & 엔트리 로그,,,
FALSE,TRUE,2510_ENTRY_COST_PAY,엔트리 비용 지불 시,"지불 타입, 금액, 베팅 배수, 맵ID, 잔여 골드","{""pay_type"":""gold"",""amount"":""2000"",""betting"":""x2"",""map_id"":""map_001"",""gold_remaining"":""6000""}"
FALSE,TRUE,2511_ENTRY_COST_PAY_TICKET,엔트리 비용 티켓 지불 시,"티켓 수량, 맵ID, 잔여 티켓","{""ticket_used"":""1"",""map_id"":""map_001"",""ticket_remaining"":""3""}"
FALSE,TRUE,2512_ENTRY_COST_FREE,무료 엔트리 (튜토리얼 Lv1-2),"맵ID, 레벨","{""map_id"":""map_001"",""level"":""1""}"
,,2xxx-6 기믹 관련 로그,,,
FALSE,TRUE,2600_GIMMICK_FIRST_APPEAR,기믹 최초 등장 시,"기믹 타입, 맵ID, 레벨","{""gimmick_type"":""plus_card"",""map_id"":""map_001"",""level"":""4""}"
FALSE,TRUE,2601_GIMMICK_GUIDE_SHOWN,기믹 가이드 노출 시,"기믹 타입, 가이드 타입(focus/floating)","{""gimmick_type"":""runner"",""guide_type"":""focus""}"
FALSE,TRUE,2610_GIMMICK_PLUS_CARD_MATCH,플러스 카드 매칭 시,"난이도 티어, 시드ID","{""difficulty_tier"":""02"",""seed"":""seedid""}"
FALSE,TRUE,2620_GIMMICK_RUNNER_MOVE,러너 카드 이동 발생 시,"난이도 티어, 시드ID, 이동 방향","{""difficulty_tier"":""02"",""seed"":""seedid"",""direction"":""left""}"
FALSE,TRUE,2630_GIMMICK_LOCK_KEY_UNLOCK,락-키 해제 시,"난이도 티어, 시드ID, 해제 카드 수","{""difficulty_tier"":""02"",""seed"":""seedid"",""unlocked_cards"":""2""}"
FALSE,TRUE,2640_GIMMICK_ROPE_BREAK,로프(아이스) 카드 해제 시,"난이도 티어, 시드ID","{""difficulty_tier"":""02"",""seed"":""seedid""}"
,,3xxx 소셜 API 호출 관련 로그,,,
FALSE,TRUE,3000_SWITCH_CONTEXT_START,컨텍스트 전환 시도,컨텍스트 전환 대상 (친구),"{""type"":""friend""}"
FALSE,TRUE,3010_SWITCH_CONTEXT_SUCCESS,컨텍스트 전환 성공,컨텍스트 전환 대상 (친구),"{""type"":""friend""}"
FALSE,TRUE,3020_SWITCH_CONTEXT_FAIL,컨텍스트 전환 실패,"컨텍스트 전환 대상 (친구), error_code, error_message","{""type"":""friend"",""error_code"":""code"",""error_message"":""message""}"
FALSE,TRUE,3400_MSG_P2P,메세지 발송 시도 (1번째 시도),"발송 위치, 이미지 ID, 발송 시 텍스트 키값","{""position"":""invite"",""image_id"":""3"",""text"":""T_DAILY_SHARE_A_1""}"
FALSE,TRUE,3410_MSG_P2P_SUCCESS,메세지 발송 성공,"발송 위치, 이미지 ID, 발송 시 텍스트 키값, 난이도 티어, 시드ID","{""position"":""invite"",""image_id"":""3"",""text"":""T_DAILY_SHARE_A_1"",""difficulty_tier"":""02"",""seed"":""seedid""}"
FALSE,TRUE,3420_MSG_P2P_FAIL,메세지 발송 실패,"발송 위치, 이미지 ID, error_code, error_message","{""position"":""invite"",""image_id"":""3"",""error_code"":""code"",""error_message"":""message""}"
FALSE,TRUE,3430_MSG_P2P_RETRY,메세지 재발송 시도 시(2~4번째 시도),"발송 위치, 이미지 ID, 발송 시 텍스트 키값","{""position"":""invite"",""image_id"":""3"",""text"":""T_DAILY_SHARE_A_1""}"
FALSE,TRUE,3440_MSG_P2P_RETRY_SUCCESS,메세지 재발송 시도 성공,"발송 위치, 이미지 ID, 발송 시 텍스트 키값, 난이도 티어, 시드ID","{""position"":""invite"",""image_id"":""3"",""text"":""T_DAILY_SHARE_A_1"",""difficulty_tier"":""02"",""seed"":""seedid""}"
FALSE,TRUE,3450_MSG_P2P_RETRY_FAIL,메세지 재발송 시도 실패,"발송 위치, 이미지 ID, error_code, error_message","{""position"":""invite"",""image_id"":""3"",""error_code"":""code"",""error_message"":""message""}"
FALSE,TRUE,3500_FEED_SHARE,피드공유 시도,"공유 위치, 이미지 ID, 공유 시 텍스트 키값","{""position"":""profile"",""image_id"":""3"",""text"":""T_DAILY_SHARE_A_1""}"
FALSE,TRUE,3510_FEED_SHARE_SUCCESS,피드공유 성공,"공유 위치, 이미지 ID, 공유 시 텍스트 키값","{""position"":""profile"",""image_id"":""3"",""text"":""T_DAILY_SHARE_A_1""}"
FALSE,TRUE,3520_FEED_SHARE_FAIL,피드공유 실패,"공유 위치, 이미지 ID, error_code, error_message","{""position"":""profile"",""image_id"":""3"",""error_code"":""code"",""error_message"":""message""}"
FALSE,TRUE,3600_SCREENSHOT_SHARE,스크린샷 버튼 터치,씬/팝업 이름,"{""position"":""sceneName""}"
FALSE,TRUE,3610_SCREENSHOT_SHARE_SUCCESS,스크린샷 공유 성공,씬/팝업 이름,"{""position"":""sceneName""}"
FALSE,TRUE,3620_SCREENSHOT_SHARE_FAIL,스크린샷 공유 실패 (유저 인풋 제외),"씬/팝업 이름, error_code, error_message","{""position"":""sceneName"",""error_code"":""code"",""error_message"":""message""}"
,,4xxx 수익화 관련 로그,,,
FALSE,TRUE,4000_INTERSTITIAL_AD_START,인터스티셜 광고 재생 시작,광고 위치,"{""type"":""광고위치""}"
FALSE,TRUE,4010_INTERSTITIAL_AD_FINISH,인터스티셜 광고 재생 완료,광고 위치,"{""type"":""광고위치""}"
FALSE,TRUE,4020_INTERSTITIAL_AD_ERROR,인터스티셜 광고 재생 에러,"광고 위치, error_code, error_message","{""type"":""광고위치"",""error_code"":""code"",""error_message"":""message""}"
FALSE,TRUE,4080_INTERSTITIAL_AD_PRELOAD_FINISH,인터스티셜 프리로드 성공,,
FALSE,TRUE,4090_INTERSTITIAL_AD_PRELOAD_ERROR,인터스티셜 프리로드 에러,"error_code, error_message","{""error_code"":""code"",""error_message"":""message""}"
FALSE,TRUE,4200_RV_START,RV 광고 재생 시작,광고 위치,"{""type"":""광고위치""}"
FALSE,TRUE,4210_RV_FINISH,RV 광고 재생 완료,광고 위치,"{""type"":""광고위치""}"
FALSE,TRUE,4220_RV_ERROR,RV 광고 재생 에러,"광고 위치, error_code, error_message","{""type"":""광고위치"",""error_code"":""code"",""error_message"":""message""}"
FALSE,TRUE,4280_RV_PRELOAD_FINISH,RV 프리로드 성공,,
FALSE,TRUE,4290_RV_PRELOAD_ERROR,RV 프리로드 에러,"error_code, error_message","{""error_code"":""code"",""error_message"":""message""}"
FALSE,TRUE,4300_BANNER_AD_START,배너 광고 노출 시도,"가능 여부, 직전 배너 후 경과 시간(초)","{""status"":""true"",""interval"":""30""}"
FALSE,TRUE,4310_BANNER_AD_FINISH,배너 광고 노출 성공,"직전 배너 후 경과 시간(초)","{""interval"":""30""}"
FALSE,TRUE,4320_BANNER_AD_ERROR,배너 광고 노출 실패,"error_code, error_message, 직전 배너 후 경과 시간(초)","{""error_code"":""code"",""error_message"":""message"",""interval"":""30""}"
,,5xxx 씬 전환 / UI 팝업,,,
FALSE,TRUE,5100_SHOP,상점 화면 노출 시,"위치, 보유 골드","{""position"":""lobby"",""gold_balance"":""5000""}"
FALSE,TRUE,5110_SHOP_PURCHASE_TRY,상점에서 개별 상품 구매 시도 시,"구매 상품 ID, 금액, 위치 (로비/상점), 타입","{""product_id"":""gold_10000"",""price"":""$1.99"",""position"":""lobby"",""type"":""gold_10000""}"
FALSE,TRUE,5111_SHOP_PURCHASE_SUCCESS,상점에서 개별 상품 구매 성공 시,"구매 상품 ID, 금액, 위치 (로비/상점), 타입","{""product_id"":""gold_10000"",""price"":""$1.99"",""position"":""lobby"",""type"":""gold_10000""}"
FALSE,TRUE,5112_SHOP_PURCHASE_FAIL,상점에서 개별 상품 구매 실패 시,"구매 상품 ID, 금액, 위치, 타입, error_code, error_message","{""product_id"":""gold_10000"",""price"":""$1.99"",""position"":""lobby"",""type"":""gold_10000"",""error_code"":""code"",""error_message"":""message""}"
FALSE,TRUE,5120_BTN_SHOP_CLOSE,상점에서 화면 나가기 버튼 터치 시,,
FALSE,TRUE,5130_SHOP_AD_GOLD_TRY,상점 광고 시청 골드 획득 시도 시,"잔여 광고 횟수, 보상 골드","{""ad_remaining"":""4"",""reward_gold"":""2000""}"
FALSE,TRUE,5131_SHOP_AD_GOLD_SUCCESS,상점 광고 시청 골드 획득 성공 시,"잔여 광고 횟수, 보상 골드","{""ad_remaining"":""3"",""reward_gold"":""2000""}"
FALSE,TRUE,5132_SHOP_AD_GOLD_FAIL,상점 광고 시청 골드 획득 실패 시,"error_code, error_message","{""error_code"":""code"",""error_message"":""message""}"
FALSE,TRUE,5150_DAILY_TASK,데일리 테스크 팝업 노출 시,"위치, 각 테스크의 key number, 타입, 달성도","{""position"":""lobby"",""tasks"":[{""task_key"":""70001"",""type"":""play_level"",""progress"":""1""},{""task_key"":""70002"",""type"":""win_level"",""progress"":""0""}]}"
FALSE,TRUE,5151_DAILY_TASK_GO_TO,데일리 테스크 팝업의 Go! 버튼 터치 시,"key number, 타입, 랜딩 지점","{""task_key"":""70001"",""type"":""play_level"",""landing"":""game""}"
FALSE,TRUE,5152_DAILY_TASK_REWARD_CLAIM_TRY,데일리 테스크 팝업에서 Claim 버튼 터치 시,"key number, 타입, 보상 종류, 보상 수량","{""task_key"":""70001"",""type"":""play_level"",""reward_type"":""gold"",""reward_amount"":""500""}"
FALSE,TRUE,5153_DAILY_TASK_REWARD_CLAIM_SUCCESS,데일리 테스크 보상 획득 성공 시,,
FALSE,TRUE,5154_DAILY_TASK_REWARD_CLAIM_FAIL,데일리 테스크 보상 획득 실패 시,"error_code, error_message","{""error_code"":""code"",""error_message"":""message""}"
FALSE,TRUE,5155_BTN_DAILY_TASK_CLOSE,데일리 테스크 닫기 버튼 터치 시,,
FALSE,TRUE,5156_DAILY_TASK_CHANGE_TRY,데일리 테스크 변경 시도 시 (RV 광고),"key number, 타입","{""task_key"":""70001"",""type"":""play_level""}"
FALSE,TRUE,5157_DAILY_TASK_CHANGE_SUCCESS,데일리 테스크 변경 성공 시,"key number, 이전 타입, 새 타입","{""task_key"":""70001"",""prev_type"":""play_level"",""new_type"":""win_level""}"
FALSE,TRUE,5158_DAILY_TASK_CHANGE_FAIL,데일리 테스크 변경 실패 시 (RV 실패),"key number, error_code, error_message","{""task_key"":""70001"",""error_code"":""code"",""error_message"":""message""}"
FALSE,TRUE,5200_LOBBY,로비 화면 노출 시,,
,,5xxx-1 이벤트 관련 (블랙카드/레드카드/위닝/클리어랭킹),,,
FALSE,TRUE,5400_EVENT_BLACK_CARD_MILESTONE,블랙 카드 마일스톤 이벤트 팝업 노출 시,"위치, 이벤트 ID, 달성도","{""position"":""lobby"",""event_id"":""90001"",""event_progress"":""5""}"
FALSE,TRUE,5401_EVENT_BLACK_CARD_MILESTONE_PLAY,블랙 카드 마일스톤 이벤트 팝업에서 PLAY 버튼 터치 시,,
FALSE,TRUE,5402_EVENT_BLACK_CARD_MILESTONE_CLOSE,블랙 카드 마일스톤 이벤트 팝업에서 닫기 버튼 터치 시,,
FALSE,TRUE,5403_EVENT_BLACK_CARD_MILESTONE_REWARD,블랙 카드 마일스톤 보상 자동 수령 시,"이벤트 ID, 스텝, 보상 종류, 보상 수량","{""event_id"":""90001"",""step"":""3"",""reward_type"":""gold"",""reward_amount"":""500""}"
FALSE,TRUE,5410_EVENT_RED_CARD_MILESTONE,레드 카드 마일스톤 이벤트 팝업 노출 시,"위치, 이벤트 ID, 달성도","{""position"":""lobby"",""event_id"":""90002"",""event_progress"":""3""}"
FALSE,TRUE,5411_EVENT_RED_CARD_MILESTONE_PLAY,레드 카드 마일스톤 이벤트 팝업에서 PLAY 버튼 터치 시,,
FALSE,TRUE,5412_EVENT_RED_CARD_MILESTONE_CLOSE,레드 카드 마일스톤 이벤트 팝업에서 닫기 버튼 터치 시,,
FALSE,TRUE,5413_EVENT_RED_CARD_MILESTONE_REWARD,레드 카드 마일스톤 보상 자동 수령 시,"이벤트 ID, 스텝, 보상 종류, 보상 수량","{""event_id"":""90002"",""step"":""5"",""reward_type"":""hammer"",""reward_amount"":""1""}"
FALSE,TRUE,5420_EVENT_WINNING_MILESTONE,위닝 마일스톤 이벤트 팝업 노출 시,"위치, 이벤트 ID, 달성도","{""position"":""lobby"",""event_id"":""90003"",""event_progress"":""7""}"
FALSE,TRUE,5421_EVENT_WINNING_MILESTONE_PLAY,위닝 마일스톤 이벤트 팝업에서 PLAY 버튼 터치 시,,
FALSE,TRUE,5422_EVENT_WINNING_MILESTONE_CLOSE,위닝 마일스톤 이벤트 팝업에서 닫기 버튼 터치 시,,
FALSE,TRUE,5423_EVENT_WINNING_MILESTONE_REWARD,위닝 마일스톤 보상 자동 수령 시,"이벤트 ID, 스텝, 보상 종류, 보상 수량","{""event_id"":""90003"",""step"":""10"",""reward_type"":""wild_card"",""reward_amount"":""1""}"
FALSE,TRUE,5430_EVENT_CLEAR_RANKING,클리어 랭킹 이벤트 팝업 노출 시,"위치, 이벤트 ID, 내 순위, 참여 인원","{""position"":""lobby"",""event_id"":""90004"",""my_rank"":""5"",""total_participants"":""100""}"
FALSE,TRUE,5431_EVENT_CLEAR_RANKING_PLAY,클리어 랭킹 이벤트 팝업에서 PLAY 버튼 터치 시,,
FALSE,TRUE,5432_EVENT_CLEAR_RANKING_CLOSE,클리어 랭킹 이벤트 팝업에서 닫기 버튼 터치 시,,
,,5xxx-1a 토너먼트,,,
FALSE,TRUE,5440_EVENT_TOURNAMENT_POPUP,토너먼트 팝업 노출 시,"토너먼트 ID, 상태, 내 순위","{""tournament_id"":""t_001"",""status"":""active"",""my_rank"":""5""}"
FALSE,TRUE,5441_EVENT_TOURNAMENT_JOIN,토너먼트 참가 버튼 터치 시,토너먼트 ID,"{""tournament_id"":""t_001""}"
FALSE,TRUE,5442_EVENT_TOURNAMENT_CREATE,토너먼트 생성 버튼 터치 시,토너먼트 ID,"{""tournament_id"":""t_001""}"
FALSE,TRUE,5443_EVENT_TOURNAMENT_CLOSE,토너먼트 팝업 닫기 버튼 터치 시,,
,,5xxx-2 리더보드,,,
FALSE,TRUE,5500_LEADERBOARD,리더보드 화면 노출 시,위치,"{""position"":""lobby""}"
FALSE,TRUE,5510_BTN_LEADERBOARD_FRIENDS_TAB,리더보드 화면 프렌즈 탭 터치 시,,
FALSE,TRUE,5511_BTN_LEADERBOARD_WORLD_TAB,리더보드 화면 월드 탭 터치 시,,
FALSE,TRUE,5512_BTN_LEADERBOARD_FRIENDS_WEEKLY_TAB,리더보드 화면 프렌즈 탭 > 위클리 터치 시,,
FALSE,TRUE,5513_BTN_LEADERBOARD_FRIENDS_ALLTIME_TAB,리더보드 화면 프렌즈 탭 > 올타임 터치 시,,
FALSE,TRUE,5514_BTN_LEADERBOARD_WORLD_WEEKLY_TAB,리더보드 화면 월드 탭 > 위클리 터치 시,,
FALSE,TRUE,5515_BTN_LEADERBOARD_WORLD_ALLTIME_TAB,리더보드 화면 월드 탭 > 올타임 터치 시,,
FALSE,TRUE,5520_BTN_LEADERBOARD_FRIENDS_INVITE,리더보드에서 친구 초대 버튼 터치 시,,
FALSE,TRUE,5521_LEADERBOARD_FRIEND_GIFT_TRY,리더보드에서 친구에게 선물 시도 시,"대상 친구 ID, 선물 종류","{""friend_id"":""uid"",""gift_type"":""gold""}"
FALSE,TRUE,5522_LEADERBOARD_FRIEND_GIFT_SUCCESS,리더보드에서 친구에게 선물 성공 시,"대상 친구 ID, 선물 종류","{""friend_id"":""uid"",""gift_type"":""gold""}"
FALSE,TRUE,5523_LEADERBOARD_FRIEND_GIFT_FAIL,리더보드에서 친구에게 선물 실패 시,"대상 친구 ID, error_code, error_message","{""friend_id"":""uid"",""error_code"":""code"",""error_message"":""message""}"
,,6xxx 세션 & 기타 지표,,,
FALSE,TRUE,6000_FRIEND_COUNT,게임 친구 수 확인이 완료되었을 때 (세션당 1회 전송),보유 친구 수,"{""friend_count"":""5""}"
FALSE,TRUE,6010_USER_GOLD_BALANCE,유저 보유 골드 수량 확인 완료되었을 때 (세션당 1회 전송),보유 골드,"{""gold_balance"":""8000""}"
FALSE,TRUE,6011_USER_TICKET_BALANCE,유저 보유 티켓 수량 확인 완료되었을 때 (세션당 1회 전송),보유 티켓,"{""ticket_balance"":""3""}"
FALSE,TRUE,6012_USER_HAMMER_BALANCE,유저 보유 해머 수량 확인 완료되었을 때 (세션당 1회 전송),보유 해머,"{""hammer_balance"":""12""}"
FALSE,TRUE,6020_USER_CURRENT_LEVEL,유저 현재 레벨 (세션당 1회 전송),현재 레벨,"{""level"":""8""}"
FALSE,TRUE,6030_USER_CITY_STATUS,유저 시티 데코 진행 상황 (세션당 1회 전송),"현재 도시, 진행도","{""current_city"":""NY"",""progress"":""3/10""}"
FALSE,TRUE,6040_SETTING_LANGUAGE,언어 설정값이 확인되었을 때 (세션당 1회 전송),"실제 지정 언어, 브라우저 언어","{""setting_language"":""en"",""browser_language"":""kr""}"
FALSE,TRUE,6050_SESSION_TIME,세션 시작 후 5초마다 체크,세션 시작 후 누적 시간,"{""session_time"":""30""}"
,,6xxx-1 아이들 골드 관련,,,
FALSE,TRUE,6100_IDLE_GOLD_CHARGE_COMPLETE,아이들 골드 충전 완료 시 (4시간 사이클),"충전 골드량, 레벨 기반 최대량","{""charged_gold"":""5000"",""max_gold"":""10000""}"
FALSE,TRUE,6110_IDLE_GOLD_COLLECT_TRY,아이들 골드 수집 버튼 터치 시,수집 골드량,"{""collect_gold"":""5000""}"
FALSE,TRUE,6111_IDLE_GOLD_COLLECT_SUCCESS,아이들 골드 수집 성공 시,"수집 골드량, 수집 후 잔여 골드","{""collect_gold"":""5000"",""gold_after"":""8000""}"
FALSE,TRUE,6112_IDLE_GOLD_COLLECT_FAIL,아이들 골드 수집 실패 시,"error_code, error_message","{""error_code"":""code"",""error_message"":""message""}"
,,7xxx 인게임 버튼 이벤트,,,
FALSE,TRUE,7180_BTN_DRAW_DECK,인게임의 드로우 덱 버튼 터치 시,,
,,8xxx 기타 이벤트 (팝업 오픈 / 클로징 등),,,
FALSE,TRUE,8000_PROFILE_POPUP,프로필 팝업 노출 시,위치,"{""position"":""lobby""}"
FALSE,TRUE,8001_BTN_PROFILE_PLAY,프로필 팝업의 플레이 버튼 터치 시,,
FALSE,TRUE,8002_BTN_PROFILE_CLOSE,프로필 팝업의 닫기 버튼 터치 시,,
FALSE,TRUE,8010_INBOX_POPUP,우편함 팝업 노출 시,위치,"{""position"":""lobby""}"
FALSE,TRUE,8011_BTN_INBOX_INVITE,우편함에서 친구 초대 버튼 터치 시,,
FALSE,TRUE,8012_BTN_INBOX_FRIEND_JOIN_CLAIM,우편함에서 친구 가입 보상 받기 버튼 터치 시,,
FALSE,TRUE,8013_BTN_INBOX_EVENT_CLAIM,우편함에서 이벤트 정산 보상 받기 버튼 터치 시,,
FALSE,TRUE,8014_BTN_INBOX_CLAIM_ALL,우편함 모두 받기 버튼 터치 시,,
FALSE,TRUE,8015_BTN_INBOX_CLOSE,우편함 닫기 버튼 터치 시,,
FALSE,TRUE,8016_INBOX_RV_GOLD_TRY,우편함 RV 광고 골드 획득 시도 시,"잔여 횟수, 보상 골드","{""remaining"":""4"",""reward_gold"":""800""}"
FALSE,TRUE,8017_INBOX_RV_GOLD_SUCCESS,우편함 RV 광고 골드 획득 성공 시,"보상 골드","{""reward_gold"":""800""}"
FALSE,TRUE,8018_INBOX_RV_GOLD_FAIL,우편함 RV 광고 골드 획득 실패 시,"error_code, error_message","{""error_code"":""code"",""error_message"":""message""}"
FALSE,TRUE,8020_SETTING_POPUP,설정 팝업 노출 시 (모든 설정 팝업),위치,"{""position"":""lobby""}"
FALSE,TRUE,8021_BTN_SETTING_MUSIC,설정 팝업에서의 Music 버튼 터치 시 (모든 설정 팝업),"위치, 적용 후 예상 상태","{""position"":""lobby"",""status"":""on""}"
FALSE,TRUE,8022_BTN_SETTING_SOUND,설정 팝업에서의 Sound Effects 버튼 터치 시 (모든 설정 팝업),"위치, 적용 후 예상 상태","{""position"":""lobby"",""status"":""on""}"
FALSE,TRUE,8023_BTN_SETTING_VIBRATION,설정 팝업에서의 Vibration 버튼 터치 시 (모든 설정 팝업),"위치, 적용 후 예상 상태","{""position"":""lobby"",""status"":""on""}"
FALSE,TRUE,8024_BTN_SETTING_USER_ID_COPY,설정 팝업에서의 유저 아이디 복사 버튼 터치 시,위치,"{""position"":""lobby""}"
FALSE,TRUE,8025_BTN_SETTING_CLOSE,설정 팝업 닫기 버튼 터치 시 (모든 설정 팝업),위치,"{""position"":""lobby""}"
FALSE,TRUE,8026_BTN_SETTING_HOW_TO_PLAY,설정 팝업에서의 How to play 버튼 터치 시 (모든 설정 팝업),위치,"{""position"":""lobby""}"
FALSE,TRUE,8030_LANGUAGE_POPUP,Language 팝업 노출 시,위치,"{""position"":""lobby""}"
FALSE,TRUE,8031_BTN_LANGUAGE_OK,Language 팝업에서 OK 버튼 터치 시,"위치, 지정 언어","{""position"":""lobby"",""setting_language"":""en""}"
FALSE,TRUE,8032_BTN_LANGUAGE_CLOSE,Language 팝업에서 닫기 버튼 터치 시,위치,"{""position"":""lobby""}"
FALSE,TRUE,8040_PRIVACY_POLICY_POPUP,Privacy Policy 팝업 노출 시,위치,"{""position"":""lobby""}"
FALSE,TRUE,8041_BTN_PRIVACY_POLICY_CLOSE,Privacy Policy 팝업 닫기 버튼 터치 시,위치,"{""position"":""lobby""}"
FALSE,TRUE,8050_DAILY_WHEEL_POPUP,데일리휠 팝업 노출 시,"위치, 진행 회차(1~5), 잔여 스핀","{""position"":""lobby"",""count"":""1"",""spins_remaining"":""4""}"
FALSE,TRUE,8051_DAILY_WHEEL_SPIN_SUCCESS,데일리휠 팝업에서 보상 획득 성공 시,"진행 회차, 보상 종류, 보상 수량","{""count"":""1"",""reward_type"":""gold"",""reward_amount"":""800""}"
FALSE,TRUE,8052_DAILY_WHEEL_SPIN_FAIL,데일리휠 팝업에서 보상 획득 실패 시,"진행 회차, error_code, error_message","{""count"":""1"",""error_code"":""code"",""error_message"":""message""}"
FALSE,TRUE,8053_BTN_DAILY_WHEEL_CLOSE,데일리휠 팝업 닫기 버튼 터치 시,,
FALSE,TRUE,8054_DAILY_WHEEL_AD_SPIN_TRY,데일리휠 광고 추가 스핀 시도 시,진행 회차,"{""count"":""6""}"
FALSE,TRUE,8055_DAILY_WHEEL_AD_SPIN_SUCCESS,데일리휠 광고 추가 스핀 성공 시,"진행 회차, 보상 종류, 보상 수량","{""count"":""6"",""reward_type"":""gold"",""reward_amount"":""500""}"
FALSE,TRUE,8056_DAILY_WHEEL_AD_SPIN_FAIL,데일리휠 광고 추가 스핀 실패 시,"진행 회차, error_code, error_message","{""count"":""6"",""error_code"":""code"",""error_message"":""message""}"
,,8xxx-1 데일리 체크인,,,
FALSE,TRUE,8060_DAILY_CHECKIN_POPUP,데일리 체크인 팝업 노출 시,"위치, 현재 일차(1~7), 연속 출석 일수","{""position"":""lobby"",""day"":""3"",""streak_days"":""3""}"
FALSE,TRUE,8061_DAILY_CHECKIN_CLAIM_TRY,데일리 체크인 Claim 시도 시,"일차, 보상 종류, 보상 수량","{""day"":""3"",""reward_type"":""gold"",""reward_amount"":""1000""}"
FALSE,TRUE,8062_DAILY_CHECKIN_CLAIM_SUCCESS,데일리 체크인 Claim 성공 시,"일차, 보상 종류, 보상 수량","{""day"":""3"",""reward_type"":""gold"",""reward_amount"":""1000""}"
FALSE,TRUE,8063_DAILY_CHECKIN_CLAIM_FAIL,데일리 체크인 Claim 실패 시,"일차, error_code, error_message","{""day"":""3"",""error_code"":""code"",""error_message"":""message""}"
FALSE,TRUE,8064_BTN_DAILY_CHECKIN_CLOSE,데일리 체크인 팝업 닫기 버튼 터치 시,,
FALSE,TRUE,8065_DAILY_CHECKIN_MISSED_AD_TRY,과거 미수령 체크인 보상 광고 수령 시도 시,"미수령 일차, 보상 종류, 보상 수량","{""missed_day"":""2"",""reward_type"":""gold"",""reward_amount"":""500""}"
FALSE,TRUE,8066_DAILY_CHECKIN_MISSED_AD_SUCCESS,과거 미수령 체크인 보상 광고 수령 성공 시,"미수령 일차, 보상 종류, 보상 수량","{""missed_day"":""2"",""reward_type"":""gold"",""reward_amount"":""500""}"
FALSE,TRUE,8067_DAILY_CHECKIN_MISSED_AD_FAIL,과거 미수령 체크인 보상 광고 수령 실패 시,"미수령 일차, error_code, error_message","{""missed_day"":""2"",""error_code"":""code"",""error_message"":""message""}"
,,8xxx-2 스페셜딜 & IAP,,,
FALSE,TRUE,8070_SPECIAL_DEAL_POPUP,스페셜딜 구매 팝업 노출 시,"위치, 누적 노출 횟수, 스페셜딜 타입","{""position"":""lobby"",""count"":""3"",""type"":""special_deal_1""}"
FALSE,TRUE,8071_SPECIAL_DEAL_POPUP_PURCHASE_TRY,스페셜딜 구매 팝업에서 구매 시도 시,스페셜딜 타입,"{""type"":""special_deal_1""}"
FALSE,TRUE,8072_SPECIAL_DEAL_POPUP_PURCHASE_SUCCESS,스페셜딜 구매 팝업에서 구매 성공 시,스페셜딜 타입,"{""type"":""special_deal_1""}"
FALSE,TRUE,8073_SPECIAL_DEAL_POPUP_PURCHASE_FAIL,스페셜딜 구매 팝업에서 구매 실패 시,"error_code, error_message, 스페셜딜 타입","{""error_code"":""code"",""error_message"":""message"",""type"":""special_deal_1""}"
FALSE,TRUE,8074_BTN_SPECIAL_DEAL_POPUP_CLOSE,스페셜딜 구매 팝업에서 닫기 버튼 터치 시,스페셜딜 타입,"{""type"":""special_deal_1""}"
,,8xxx-3 How to Play,,,
FALSE,TRUE,8080_HOW_TO_PLAY_POPUP,How to play 팝업 노출 시,,
FALSE,TRUE,8081_BTN_HOW_TO_PLAY_NEXT,How to play 팝업에서 다음 페이지 버튼 터치 시,,
FALSE,TRUE,8082_BTN_HOW_TO_PLAY_CLOSE,"How to play 팝업에서 닫기 버튼 터치 시 (X버튼, Close 버튼)",,
,,8xxx-4 시티 데코레이션,,,
FALSE,TRUE,8100_CITY_DECO_POPUP,시티 데코레이션 팝업 노출 시,"위치, 선택 도시, 업그레이드 진행도","{""position"":""lobby"",""city"":""NY"",""progress"":""3/10""}"
FALSE,TRUE,8101_CITY_DECO_UPGRADE_TRY,데코레이션 업그레이드 시도 시,"도시, 데코 ID, 단계, 필요 해머, 필요 골드","{""city"":""NY"",""deco_id"":""deco_01"",""stage"":""1"",""hammer_cost"":""3"",""gold_cost"":""1000""}"
FALSE,TRUE,8102_CITY_DECO_UPGRADE_SUCCESS,데코레이션 업그레이드 성공 시,"도시, 데코 ID, 단계, 잔여 해머, 잔여 골드","{""city"":""NY"",""deco_id"":""deco_01"",""stage"":""2"",""hammer_remaining"":""9"",""gold_remaining"":""7000""}"
FALSE,TRUE,8103_CITY_DECO_UPGRADE_FAIL,데코레이션 업그레이드 실패 시,"도시, 데코 ID, error_code, error_message","{""city"":""NY"",""deco_id"":""deco_01"",""error_code"":""code"",""error_message"":""message""}"
FALSE,TRUE,8104_CITY_DECO_CITY_COMPLETE,도시 데코레이션 전체 완료 시,도시,"{""city"":""NY""}"
FALSE,TRUE,8105_BTN_CITY_DECO_CLOSE,시티 데코레이션 팝업 닫기 버튼 터치 시,,
FALSE,TRUE,8106_CITY_DECO_ALL_COMPLETE,전체 시티 데코레이션 완성 시 (모든 도시 완료),,
FALSE,TRUE,8107_CITY_COMPLETE_SHARE_POPUP,시티 완성 공유 팝업 노출 시,완성 도시,"{""city"":""NY""}"
FALSE,TRUE,8108_CITY_COMPLETE_SHARE_TRY,시티 완성 공유 시도 시,완성 도시,"{""city"":""NY""}"
FALSE,TRUE,8109_CITY_COMPLETE_SHARE_CLOSE,시티 완성 공유 팝업 닫기 버튼 터치 시,완성 도시,"{""city"":""NY""}"
,,8xxx-8 콜렉션(앨범),,,
FALSE,TRUE,8120_COLLECTION_POPUP,콜렉션 팝업 노출 시,"위치, 현재 앨범, 현재 탭","{""position"":""lobby"",""album"":""album_01"",""tab"":""cards""}"
FALSE,TRUE,8121_COLLECTION_TAB_SWITCH,콜렉션 팝업 탭 전환 시,"이전 탭, 새 탭","{""prev_tab"":""cards"",""new_tab"":""decks""}"
FALSE,TRUE,8122_BTN_COLLECTION_CLOSE,콜렉션 팝업 닫기 버튼 터치 시,,
FALSE,TRUE,8123_COLLECTION_MILESTONE_CLAIM_TRY,앨범 마일스톤 보상 수령 시도 시,"앨범 ID, 마일스톤 스텝, 보상 종류, 보상 수량","{""album_id"":""album_01"",""step"":""3"",""reward_type"":""gold"",""reward_amount"":""1000""}"
FALSE,TRUE,8124_COLLECTION_MILESTONE_CLAIM_SUCCESS,앨범 마일스톤 보상 수령 성공 시,"앨범 ID, 마일스톤 스텝, 보상 종류, 보상 수량","{""album_id"":""album_01"",""step"":""3"",""reward_type"":""gold"",""reward_amount"":""1000""}"
FALSE,TRUE,8125_COLLECTION_MILESTONE_CLAIM_FAIL,앨범 마일스톤 보상 수령 실패 시,"앨범 ID, error_code, error_message","{""album_id"":""album_01"",""error_code"":""code"",""error_message"":""message""}"
FALSE,TRUE,8126_COLLECTION_PUZZLE_COMPLETE,앨범 퍼즐 완성 보상 수령 시,"앨범 ID, 보상 종류, 보상 수량","{""album_id"":""album_01"",""reward_type"":""deck_skin"",""reward_amount"":""1""}"
FALSE,TRUE,8127_COLLECTION_DECK_SELECT,덱 디자인 적용 시,"덱 ID, 이전 덱 ID","{""deck_id"":""deck_03"",""prev_deck_id"":""deck_01""}"
,,8xxx-9 구역 리스트,,,
FALSE,TRUE,8130_CITY_LIST_POPUP,구역(도시) 리스트 팝업 노출 시,"현재 도시, 전체 도시 수, 해금 도시 수","{""current_city"":""NY"",""total_cities"":""10"",""unlocked_cities"":""3""}"
FALSE,TRUE,8131_CITY_LIST_SELECT,구역 리스트에서 도시 선택 시,선택 도시,"{""selected_city"":""LA""}"
FALSE,TRUE,8132_BTN_CITY_LIST_CLOSE,구역 리스트 팝업 닫기 버튼 터치 시,,
,,8xxx-5 RV 팝업 골드,,,
FALSE,TRUE,8110_RV_POPUP_GOLD_TRY,RV 팝업 골드 획득 시도 시,"잔여 횟수, 보상 골드","{""remaining"":""9"",""reward_gold"":""800""}"
FALSE,TRUE,8111_RV_POPUP_GOLD_SUCCESS,RV 팝업 골드 획득 성공 시,보상 골드,"{""reward_gold"":""800""}"
FALSE,TRUE,8112_RV_POPUP_GOLD_FAIL,RV 팝업 골드 획득 실패 시,"error_code, error_message","{""error_code"":""code"",""error_message"":""message""}"
,,8xxx-6 소셜 추천 피로도,,,
FALSE,TRUE,8800_NO_MORE_RECOMMENDATION,연속 소셜 추천 거절 시,,
FALSE,TRUE,8810_NO_MORE_RECOMMENDATION_FINISH,연속 거절 상태에서 게임 종료 시,게임 종료 판수 (세션 기준),"{""game_finish"":""5""}"
,,8xxx-7 에러 팝업,,,
FALSE,TRUE,8900_RV_ERROR_BANNER_POPUP,광고 에러 띠팝업 노출 시,"error_code, error_message","{""error_code"":""code"",""error_message"":""message""}"
FALSE,TRUE,8910_TRY_AGAIN_ERROR_POPUP,다시 시도 에러 팝업 노출 시,"error_code, error_message","{""error_code"":""code"",""error_message"":""message""}"
FALSE,TRUE,8911_BTN_TRY_AGAIN_ERROR_OK,다시 시도 에러 팝업에서 OK 버튼 터치 시,,
FALSE,TRUE,8912_BTN_TRY_AGAIN_ERROR_CLOSE,다시 시도 에러 팝업에서 닫기 버튼 터치 시,,
FALSE,TRUE,8930_RESTART_ERROR_POPUP,재시작 에러 팝업 노출 시,"error_code, error_message","{""error_code"":""code"",""error_message"":""message""}"
FALSE,TRUE,8931_BTN_RESTART_ERROR_OK,재시작 에러 팝업에서 OK 버튼 터치 시,,
FALSE,TRUE,8932_BTN_RESTART_ERROR_CLOSE,재시작 에러 팝업에서 닫기 버튼 터치 시,,
,,9xxx 에러 로그,,,
FALSE,TRUE,9000_FB_API_ERROR,사용하는 모든 API 호출후 에러로 리턴 되었을때,"api, error_code, error_message","{""api"":""api_name"",""error_code"":""code"",""error_message"":""message""}"
FALSE,TRUE,9100_SERVER_ERROR,서버 에러 로그,"api, error_code, error_message","{""api"":""api_name"",""error_code"":""code"",""error_message"":""message""}"
FALSE,TRUE,9200_CLIENT_ERROR,클라 에러 로그,"error_code, error_message","{""error_code"":""code"",""error_message"":""message""}"
FALSE,TRUE,9210_SWITCH_CONTEXT_TIME_OUT,15초간 Switch Context 메타 API 응답 못받은 경우,대기 시간(ms),"{""time"":""23000""}"
FALSE,TRUE,9220_CANNOT_RECOMMENDATION,"Invalid Operation & Network Failure를 동시에 만족하여 더이상 컨텍스트를 추천하지 않는 경우",,
FALSE,TRUE,9300_CLIENT_LOG,클라에서 남길 로그,"code, message","{""code"":""code"",""message"":""message""}"
FALSE,TRUE,9400_GOLD_TRANSACTION_LOG,골드 거래 로그 (모든 골드 증감),"변동 타입, 변동량, 변동 전 잔액, 변동 후 잔액, 사유","{""type"":""earn"",""amount"":""800"",""before"":""4200"",""after"":""5000"",""reason"":""idle_gold""}"
FALSE,TRUE,9401_TICKET_TRANSACTION_LOG,티켓 거래 로그 (모든 티켓 증감),"변동 타입, 변동량, 변동 전 잔액, 변동 후 잔액, 사유","{""type"":""spend"",""amount"":""1"",""before"":""3"",""after"":""2"",""reason"":""entry_cost""}"
FALSE,TRUE,9402_HAMMER_TRANSACTION_LOG,해머 거래 로그 (모든 해머 증감),"변동 타입, 변동량, 변동 전 잔액, 변동 후 잔액, 사유","{""type"":""earn"",""amount"":""1"",""before"":""11"",""after"":""12"",""reason"":""event_milestone""}"
FALSE,TRUE,9403_BOOSTER_TRANSACTION_LOG,부스터 인벤토리 변동 로그,"부스터 타입, 변동 타입, 변동량, 잔여 수량, 사유","{""booster_type"":""undo"",""type"":""spend"",""amount"":""1"",""remaining"":""2"",""reason"":""in_game_use""}"
FALSE,TRUE,9501_IAP_UNCONSUMED_PROVIDE_TRY,상품 결제 이후 미지급된 상품을 로그인때 지급하는 경우,"productId, token","{""product_id"":""gold_10000"",""token"":""tokenid""}"
FALSE,TRUE,9502_IAP_UNCONSUMED_PROVIDE_SUCCESS,상품 결제 이후 미지급된 상품을 로그인때 지급하는 경우_성공,"productId, token","{""product_id"":""gold_10000"",""token"":""tokenid""}"
FALSE,TRUE,9503_IAP_UNCONSUMED_PROVIDE_FAIL,상품 결제 이후 미지급된 상품을 로그인때 지급하는 경우_실패,"productId, token, error_code","{""product_id"":""gold_10000"",""token"":""tokenid"",""error_code"":""code""}"
FALSE,FALSE,9990_PLAY_FIRST_TOUCH,NRU 대상 진입 후 최초 터치 (화면 어디든),,
