stage_id,tier,fn,deck,suggested_deck,suggested_delta,full_delta,needed_deck,confidence,field,max_depth,exposed_init,avg_frontier,btl,exp_ratio,frontier_ratio,clear_a,clear_b,clear_c,clear_count
CC_0019,Easy,Easy_obj_1970069471253374735_1970069471253374735.json,10,17,7,7,17,HIGH,25,5,10,5.48,12.5,0.4,1.1,0,47,39,
CC_0014,Easy,Easy_obj_-6253912204719183690_-6253912204719183690.json,9,17,8,10,19,MEDIUM,20,7,9,4.75,15.56,0.45,0.68,78,10,12,8
CC_0156,VeryEasy,VeryEasy_obj_5052111831417966230_5052111831417966230.json,10,15,5,6,16,MEDIUM,20,5,5,5.2,10.0,0.25,1.04,82,49,31,6
CC_0202,Normal,Normal_obj_3156347889945336561_3156347889945336561.json,12,18,6,6,18,HIGH,31,5,6,3.61,12.92,0.194,0.72,,,,8
CC_0035,Hard,Hard_obj_-8120975917250142898_-8120975917250142898.json,16,20,4,5,21,MEDIUM,28,9,4,2.68,15.75,0.143,0.3,95,6,7,10
CC_0042,Normal,Normal_obj_-5087021377552378296_-5087021377552378296.json,10,20,10,10,20,HIGH,29,6,8,4.97,17.4,0.276,0.83,,,,6
CC_0280,Hard,Hard_obj_5692771625035672355_5692771625035672355.json,11,15,4,4,15,HIGH,31,6,5,3.35,16.91,0.161,0.56,,,,6
CC_0141,VeryEasy,VeryEasy_obj_-2712095962621706499_-2712095962621706499.json,10,13,3,3,13,MEDIUM,19,4,6,3.21,7.6,0.316,0.8,89,30,25,6
CC_0117,Hard,Hard_obj_4711607199540660698_4711607199540660698.json,14,16,2,2,16,HIGH,33,6,6,4.94,14.14,0.182,0.82,73,7,14,7
CC_0071,VeryEasy,VeryEasy_obj_1505846800031349250_1505846800031349250.json,7,16,9,9,16,HIGH,20,5,6,3.65,14.29,0.3,0.73,,,,
CC_0135,Normal,Normal_obj_6590097658921723082_6590097658921723082.json,9,13,4,5,14,MEDIUM,30,4,8,5.23,13.33,0.267,1.31,64,5,7,6
CC_0132,Normal,Normal_obj_4529999507329059760_4529999507329059760.json,12,16,4,5,17,MEDIUM,30,5,8,6.37,12.5,0.267,1.27,,,,6
CC_0277,Hard,Hard_obj_3583963274032080926_3583963274032080926.json,10,14,4,5,15,MEDIUM,31,6,8,6.29,18.6,0.258,1.05,,,,8
CC_0261,Hard,Hard_obj_-6775005880827077657_-6775005880827077657.json,14,17,3,3,17,HIGH,30,7,6,3.6,15.0,0.2,0.51,,,,10
CC_0258,Hard,Hard_obj_-5936488566595491839_-5936488566595491839.json,11,17,6,6,17,HIGH,30,7,5,2.93,19.09,0.167,0.42,,,,7
CC_0245,Hard,Hard_obj_-440283477310521795_-440283477310521795.json,11,13,2,2,13,HIGH,32,5,6,3.88,14.55,0.188,0.78,,,,8
CC_0235,VeryEasy,VeryEasy_obj_3113305285785652104_3113305285785652104.json,13,16,3,3,16,MEDIUM,20,5,9,4.25,7.69,0.45,0.85,,,,8
CC_0183,Easy,Easy_obj_5917400523554303550_5917400523554303550.json,5,7,2,3,8,LOW,20,3,12,6.05,12.0,0.6,2.02,49,11,15,3
CC_0199,Normal,Normal_obj_1013913111840760766_1013913111840760766.json,10,17,7,7,17,HIGH,30,5,6,3.9,15.0,0.2,0.78,,,,8
CC_0129,Normal,Normal_obj_290478911730800373_290478911730800373.json,10,17,7,7,17,HIGH,30,5,6,6.17,15.0,0.2,1.23,1,28,19,6
CC_0214,VeryEasy,VeryEasy_obj_-462025289280387100_-462025289280387100.json,12,17,5,5,17,HIGH,21,5,5,3.0,8.75,0.238,0.6,,,,8
CC_0123,Normal,Normal_obj_-1656778296819317915_-1656778296819317915.json,12,22,10,10,22,HIGH,28,7,5,3.79,16.33,0.179,0.54,,,,8
CC_0016,Easy,Easy_obj_-6845371592253495967_-6845371592253495967.json,14,19,5,5,19,HIGH,23,6,7,4.57,9.86,0.304,0.76,64,9,11,
CC_0193,Normal,Normal_obj_-1697080081793459829_-1697080081793459829.json,15,19,4,4,19,HIGH,28,6,6,3.54,11.2,0.214,0.59,,,,8
CC_0223,VeryEasy,VeryEasy_obj_-7303052549906501985_-7303052549906501985.json,11,16,5,5,16,HIGH,20,5,4,2.65,9.09,0.2,0.53,,,,7
CC_0284,Hard,Hard_obj_7150741962077567140_7150741962077567140.json,10,13,3,3,13,MEDIUM,32,5,10,6.56,16.0,0.312,1.31,,,,8
CC_0154,VeryEasy,VeryEasy_obj_3137257659081237449_3137257659081237449.json,9,12,3,4,13,MEDIUM,20,4,5,4.4,8.89,0.25,1.1,,,,6
CC_0113,Hard,Hard_obj_-1971797449831386605_-1971797449831386605.json,14,19,5,5,19,HIGH,28,8,5,3.61,16.0,0.179,0.45,,,,9
CC_0008,Easy,Easy_obj_-3591596403255544931_-3591596403255544931.json,14,18,4,5,19,MEDIUM,23,6,8,5.39,9.86,0.348,0.9,92,72,53,12
CC_0197,Normal,Normal_obj_-6094004898048360566_-6094004898048360566.json,10,13,3,3,13,MEDIUM,28,4,6,5.14,11.2,0.214,1.29,,,,5
CC_0288,Hard,Hard_obj_7749217512935342267_7749217512935342267.json,13,17,4,4,17,HIGH,30,7,6,5.33,16.15,0.2,0.76,,,,8
CC_0279,Hard,Hard_obj_4967511773866997684_4967511773866997684.json,12,17,5,5,17,HIGH,30,7,6,3.4,17.5,0.2,0.49,,,,9
CC_0108,Easy,Easy_obj_7449358948076161530_7449358948076161530.json,10,16,6,7,17,MEDIUM,21,6,5,3.19,12.6,0.238,0.53,82,46,36,5
CC_0097,Easy,Easy_obj_-7388141165237645368_-7388141165237645368.json,11,13,2,4,15,LOW,28,4,10,5.0,10.18,0.357,1.25,87,39,21,4
CC_0050,Normal,Normal_obj_5840205091478623467_5840205091478623467.json,8,13,5,5,13,HIGH,28,4,6,2.86,14.0,0.214,0.71,,,,5
CC_0236,VeryEasy,VeryEasy_obj_3270139514728241660_3270139514728241660.json,10,16,6,6,16,HIGH,20,5,5,3.5,10.0,0.25,0.7,,,,6
CC_0073,VeryEasy,VeryEasy_obj_2060970891380495084_2060970891380495084.json,10,13,3,3,13,MEDIUM,20,4,6,3.35,8.0,0.3,0.84,84,33,26,6
CC_0133,Normal,Normal_obj_4533743168158959430_4533743168158959430.json,10,16,6,7,17,MEDIUM,29,5,9,5.21,14.5,0.31,1.04,74,11,1,6
CC_0007,Easy,Easy_obj_-3577985653752088467_-3577985653752088467.json,8,17,9,9,17,HIGH,25,5,6,3.96,15.62,0.24,0.79,75,12,6,4
CC_0081,VeryEasy,VeryEasy_obj_7598267606578259593_7598267606578259593.json,8,11,3,3,11,HIGH,16,4,4,2.81,8.0,0.25,0.7,,,,7
CC_0227,VeryEasy,VeryEasy_obj_-7842558416730208040_-7842558416730208040.json,13,17,4,4,17,HIGH,17,6,5,2.18,7.85,0.294,0.36,,,,8
CC_0054,Normal,Normal_obj_8531102714590821791_8531102714590821791.json,10,13,3,4,14,MEDIUM,31,4,8,4.03,12.4,0.258,1.01,78,8,1,5
CC_0080,VeryEasy,VeryEasy_obj_7529100959373808406_7529100959373808406.json,10,13,3,3,13,HIGH,20,4,5,3.15,8.0,0.25,0.79,79,22,17,6
CC_0079,VeryEasy,VeryEasy_obj_7501960667401206892_7501960667401206892.json,10,16,6,6,16,HIGH,20,5,4,2.7,10.0,0.2,0.54,77,37,24,6
CC_0246,Hard,Hard_obj_-476816179683867428_-476816179683867428.json,11,15,4,4,15,HIGH,30,6,5,2.73,16.36,0.167,0.46,,,,7
CC_0292,Hard,Hard_obj_9123945858537713509_9123945858537713509.json,10,13,3,3,13,MEDIUM,32,5,11,6.0,16.0,0.344,1.2,,,,6
CC_0232,VeryEasy,VeryEasy_obj_2533780747040595241_2533780747040595241.json,6,9,3,4,10,MEDIUM,20,3,5,3.65,10.0,0.25,1.22,,,,2
CC_0286,Hard,Hard_obj_7629362497685869891_7629362497685869891.json,10,13,3,3,13,HIGH,31,5,8,4.48,15.5,0.258,0.9,,,,5
CC_0253,Hard,Hard_obj_-4367956446511700689_-4367956446511700689.json,10,22,12,12,22,HIGH,29,9,4,3.9,26.1,0.138,0.43,,,,6
CC_0252,Hard,Hard_obj_-4085239007266526198_-4085239007266526198.json,10,13,3,3,13,MEDIUM,32,5,10,6.19,16.0,0.312,1.24,,,,8
CC_0157,VeryEasy,VeryEasy_obj_5725686889629278630_5725686889629278630.json,10,18,8,8,18,HIGH,18,6,5,4.06,10.8,0.278,0.68,,,,6
CC_0066,VeryEasy,VeryEasy_obj_-5421982700066424561_-5421982700066424561.json,9,17,8,10,19,MEDIUM,20,6,10,5.35,13.33,0.5,0.89,,,,8
CC_0083,VeryEasy,VeryEasy_obj_8246439891182557695_8246439891182557695.json,11,16,5,5,16,HIGH,20,5,5,4.1,9.09,0.25,0.82,,,,8
CC_0146,VeryEasy,VeryEasy_obj_-6691285707872859643_-6691285707872859643.json,9,14,5,5,14,HIGH,21,4,5,3.86,9.33,0.238,0.96,2,17,19,6
CC_0275,Hard,Hard_obj_3015781939616589612_3015781939616589612.json,10,17,7,7,17,HIGH,30,7,4,3.43,21.0,0.133,0.49,,,,8
CC_0271,Hard,Hard_obj_2136597098790465194_2136597098790465194.json,10,15,5,5,15,HIGH,30,6,5,3.53,18.0,0.167,0.59,,,,6
CC_0062,VeryEasy,VeryEasy_obj_-3575373209298258023_-3575373209298258023.json,11,16,5,5,16,HIGH,20,5,6,4.25,9.09,0.3,0.85,,,,4
CC_0267,Hard,Hard_obj_-8581124268425051125_-8581124268425051125.json,10,13,3,3,13,HIGH,32,5,4,2.94,16.0,0.125,0.59,,,,8
CC_0266,Hard,Hard_obj_-8085993676552886899_-8085993676552886899.json,10,15,5,5,15,HIGH,31,6,8,4.23,18.6,0.258,0.7,,,,5
CC_0149,VeryEasy,VeryEasy_obj_1059250483029686343_1059250483029686343.json,11,16,5,5,16,HIGH,20,5,4,2.55,9.09,0.2,0.51,77,33,34,6
CC_0250,Hard,Hard_obj_-2535467368716262032_-2535467368716262032.json,10,15,5,5,15,HIGH,31,6,5,4.19,18.6,0.161,0.7,,,,6
CC_0184,Easy,Easy_obj_6125248256196065824_6125248256196065824.json,9,13,4,5,14,MEDIUM,26,4,7,4.62,11.56,0.269,1.15,70,30,29,6
CC_0045,Normal,Normal_obj_3769052602463786627_3769052602463786627.json,12,16,4,4,16,HIGH,28,5,8,3.79,11.67,0.286,0.76,,,,8
CC_0043,Normal,Normal_obj_738882395438707847_738882395438707847.json,11,13,2,2,13,MEDIUM,29,4,8,4.83,10.55,0.276,1.21,81,30,21,7
CC_0243,VeryEasy,VeryEasy_obj_8758547653190156292_8758547653190156292.json,11,14,3,3,14,HIGH,21,4,3,2.9,7.64,0.143,0.73,,,,6
CC_0166,Easy,Easy_obj_-1911471411139201695_-1911471411139201695.json,10,21,11,11,21,HIGH,26,6,6,4.15,15.6,0.231,0.69,78,12,11,6
CC_0017,Easy,Easy_obj_-9170708446745828065_-9170708446745828065.json,5,10,5,5,10,HIGH,25,3,11,5.48,15.0,0.44,1.83,7,0,6,4
CC_0242,VeryEasy,VeryEasy_obj_8554537005776796579_8554537005776796579.json,6,12,6,6,12,HIGH,18,4,7,3.83,12.0,0.389,0.96,,,,4
CC_0069,VeryEasy,VeryEasy_obj_-8696186041147435442_-8696186041147435442.json,10,13,3,3,13,MEDIUM,20,4,7,4.6,8.0,0.35,1.15,80,31,8,6
CC_0274,Hard,Hard_obj_2614617043532549192_2614617043532549192.json,10,15,5,5,15,HIGH,31,6,6,3.48,18.6,0.194,0.58,,,,6
CC_0144,VeryEasy,VeryEasy_obj_-5948220406407893431_-5948220406407893431.json,12,16,4,4,16,HIGH,20,5,8,4.65,8.33,0.4,0.93,10,61,30,6
CC_0176,Easy,Easy_obj_463766349787096359_463766349787096359.json,8,12,4,4,12,HIGH,29,3,7,4.31,10.88,0.241,1.44,21,25,27,4
CC_0173,Easy,Easy_obj_-9034849251228621764_-9034849251228621764.json,12,18,6,7,19,MEDIUM,20,7,6,3.95,11.67,0.3,0.56,82,32,27,8
CC_0171,Easy,Easy_obj_-8228455277662928550_-8228455277662928550.json,7,15,8,8,15,HIGH,22,5,8,4.86,15.71,0.364,0.97,62,29,26,4
CC_0182,Easy,Easy_obj_5582524774713652387_5582524774713652387.json,10,15,5,5,15,HIGH,28,4,6,3.64,11.2,0.214,0.91,76,9,1,6
CC_0170,Easy,Easy_obj_-7982215790531385497_-7982215790531385497.json,7,9,2,3,10,LOW,24,3,10,5.83,10.29,0.417,1.94,55,18,17,5
CC_0012,Easy,Easy_obj_-5161379865128801438_-5161379865128801438.json,13,17,4,5,18,MEDIUM,26,5,6,3.92,10.0,0.231,0.78,93,24,13,8
CC_0225,VeryEasy,VeryEasy_obj_-7719398892021535332_-7719398892021535332.json,10,15,5,5,15,HIGH,18,5,5,2.44,9.0,0.278,0.49,,,,6
CC_0215,VeryEasy,VeryEasy_obj_-1276326755563476544_-1276326755563476544.json,10,12,2,3,13,LOW,20,4,10,6.6,8.0,0.5,1.65,,,,6
CC_0090,Easy,Easy_obj_-3890466614938630821_-3890466614938630821.json,8,14,6,6,14,HIGH,25,4,6,3.64,12.5,0.24,0.91,68,8,8,4
CC_0091,Easy,Easy_obj_-4112116539429186425_-4112116539429186425.json,16,23,7,7,23,HIGH,21,8,3,3.57,10.5,0.143,0.45,,,,8
CC_0089,Easy,Easy_obj_-2276062446783637185_-2276062446783637185.json,8,11,3,3,11,MEDIUM,27,3,5,3.74,10.12,0.185,1.25,,,,4
CC_0142,VeryEasy,VeryEasy_obj_-3228993952559680366_-3228993952559680366.json,10,16,6,6,16,HIGH,20,5,4,2.85,10.0,0.2,0.57,,,,5
CC_0209,Normal,Normal_obj_6352701654334186823_6352701654334186823.json,10,13,3,4,14,MEDIUM,30,4,9,5.07,12.0,0.3,1.27,,,,6
CC_0152,VeryEasy,VeryEasy_obj_2214669136406969930_2214669136406969930.json,10,16,6,6,16,HIGH,20,5,6,3.85,10.0,0.3,0.77,,,,6
CC_0240,VeryEasy,VeryEasy_obj_8227147783332148297_8227147783332148297.json,8,11,3,3,11,MEDIUM,22,3,8,4.77,8.25,0.364,1.59,,,,5
CC_0124,Normal,Normal_obj_-1823325553753902879_-1823325553753902879.json,10,18,8,10,20,MEDIUM,29,6,9,4.52,17.4,0.31,0.75,83,12,11,6
CC_0211,Normal,Normal_obj_7084936358921540177_7084936358921540177.json,16,19,3,3,19,HIGH,28,6,8,5.21,10.5,0.286,0.87,,,,6
CC_0216,VeryEasy,VeryEasy_obj_-2833457327188849690_-2833457327188849690.json,10,12,2,3,13,LOW,19,4,9,4.95,7.6,0.474,1.24,,,,6
CC_0264,Hard,Hard_obj_-7292222822313839875_-7292222822313839875.json,10,13,3,3,13,HIGH,32,5,6,4.56,16.0,0.188,0.91,,,,5
CC_0263,Hard,Hard_obj_-6858756943211057750_-6858756943211057750.json,10,18,8,8,18,HIGH,31,7,6,3.32,21.7,0.194,0.47,,,,6
CC_0255,Hard,Hard_obj_-4930359017288338014_-4930359017288338014.json,10,17,7,7,17,HIGH,30,7,4,4.4,21.0,0.133,0.63,,,,8
CC_0254,Hard,Hard_obj_-4476877194344761137_-4476877194344761137.json,10,13,3,3,13,MEDIUM,32,5,8,5.12,16.0,0.25,1.02,,,,8
CC_0102,Easy,Easy_obj_52113043959410109_52113043959410109.json,11,16,5,5,16,HIGH,24,5,9,4.21,10.91,0.375,0.84,,,,6
CC_0063,VeryEasy,VeryEasy_obj_-4155513570435425491_-4155513570435425491.json,10,13,3,3,13,HIGH,20,4,6,3.8,8.0,0.3,0.95,,,,6
CC_0095,Easy,Easy_obj_-6047974373355539936_-6047974373355539936.json,10,13,3,4,14,MEDIUM,26,4,9,5.15,10.4,0.346,1.29,,,,8
CC_0044,Normal,Normal_obj_1831427186976436287_1831427186976436287.json,8,13,5,9,17,LOW,30,5,14,10.5,18.75,0.467,2.1,74,66,26,4
CC_0060,VeryEasy,VeryEasy_obj_-3497900895194738745_-3497900895194738745.json,17,29,12,12,29,HIGH,26,7,5,3.77,10.71,0.192,0.54,,,,6
CC_0143,VeryEasy,VeryEasy_obj_-5160501193721807590_-5160501193721807590.json,10,15,5,6,16,MEDIUM,20,5,3,2.35,10.0,0.15,0.47,96,14,17,6
CC_0041,Normal,Normal_obj_-4992867742494819935_-4992867742494819935.json,13,19,6,8,21,MEDIUM,27,7,8,3.33,14.54,0.296,0.48,90,20,9,8
CC_0074,VeryEasy,VeryEasy_obj_2406463454516795606_2406463454516795606.json,15,19,4,4,19,HIGH,19,6,6,2.68,7.6,0.316,0.45,,,,10
CC_0164,VeryEasy,VeryEasy_obj_9170902172408887236_9170902172408887236.json,7,10,3,3,10,MEDIUM,19,3,6,3.84,8.14,0.316,1.28,71,12,11,5
CC_0137,Normal,Normal_obj_9109329256775260811_9109329256775260811.json,10,22,12,12,22,HIGH,28,7,5,3.75,19.6,0.179,0.54,,,,6
CC_0218,VeryEasy,VeryEasy_obj_-4001980453628435627_-4001980453628435627.json,11,19,8,8,19,HIGH,20,6,3,3.0,10.91,0.15,0.5,,,,7
CC_0160,VeryEasy,VeryEasy_obj_6192741706486804959_6192741706486804959.json,10,13,3,3,13,MEDIUM,20,4,6,4.35,8.0,0.3,1.09,81,19,16,
CC_0136,Normal,Normal_obj_9005262734481547871_9005262734481547871.json,13,26,13,13,26,HIGH,26,9,5,3.73,18.0,0.192,0.41,0,32,19,8
CC_0192,Hard,Hard_obj_6427872015658360888_6427872015658360888.json,13,17,4,4,17,HIGH,29,7,6,3.86,15.62,0.207,0.55,,,,6
CC_0190,Hard,Hard_obj_3899271523029084104_3899271523029084104.json,10,13,3,3,13,MEDIUM,32,5,11,6.44,16.0,0.344,1.29,,,,8
CC_0009,Easy,Easy_obj_-3819987064685043330_-3819987064685043330.json,12,18,6,6,18,HIGH,26,5,8,5.5,10.83,0.308,1.1,0,75,43,6
CC_0037,Normal,Normal_obj_-130971407812354464_-130971407812354464.json,16,18,2,2,18,MEDIUM,27,6,7,3.89,10.12,0.259,0.65,95,14,33,8
CC_0272,Hard,Hard_obj_2408438036868712511_2408438036868712511.json,10,13,3,3,13,HIGH,31,5,5,3.06,15.5,0.161,0.61,,,,6
CC_0273,Hard,Hard_obj_2519617144431508815_2519617144431508815.json,10,20,10,10,20,HIGH,30,8,6,4.77,24.0,0.2,0.6,,,,8
CC_0269,Hard,Hard_obj_269226819039724544_269226819039724544.json,10,15,5,5,15,HIGH,31,6,7,3.74,18.6,0.226,0.62,,,,6
CC_0127,Normal,Normal_obj_-4896860215059842360_-4896860215059842360.json,10,15,5,6,16,MEDIUM,28,5,8,5.64,14.0,0.286,1.13,75,10,4,8
CC_0187,Hard,Hard_obj_-4717586371069404904_-4717586371069404904.json,9,15,6,6,15,HIGH,29,6,9,5.07,19.33,0.31,0.84,76,11,1,7
CC_0001,Easy,Easy_obj_-3647190157396289_-3647190157396289.json,12,18,6,7,19,MEDIUM,23,6,5,2.87,11.5,0.217,0.48,87,24,21,6
CC_0052,Normal,Normal_obj_6115397501473313561_6115397501473313561.json,10,15,5,6,16,MEDIUM,28,5,9,4.96,14.0,0.321,0.99,84,15,16,6
CC_0034,Hard,Hard_obj_-3856468907512424979_-3856468907512424979.json,12,15,3,4,16,MEDIUM,28,7,8,4.68,16.33,0.286,0.67,89,24,4,6
CC_0121,Normal,Normal_obj_-949791933841341856_-949791933841341856.json,8,11,3,4,12,MEDIUM,27,4,8,4.3,13.5,0.296,1.07,74,7,6,5
CC_0206,Normal,Normal_obj_5370209783260445704_5370209783260445704.json,8,27,19,19,27,HIGH,27,9,7,3.63,30.38,0.259,0.4,,,,5
